"id","name","ts","dur","track","type"
1517,"SurfaceMountingManager::createViewUnsafe(ViewManagerAdapter_ExpoImage)",53013194473941,2383917,"[NULL]","thread_execution"
1518,"[ExpoImage] rerenderIfNeeded(shouldRerenderBecauseOfResize=false,force=false)",53013196620399,232042,"[NULL]","thread_execution"
1521,"SurfaceMountingManager::createViewUnsafe(ViewManagerAdapter_ExpoImage)",53013197063983,538083,"[NULL]","thread_execution"
1522,"[ExpoImage] rerenderIfNeeded(shouldRerenderBecauseOfResize=false,force=false)",53013197583149,17250,"[NULL]","thread_execution"
1926,"SurfaceMountingManager::createViewUnsafe(ViewManagerAdapter_ExpoImage)",53013309403358,917750,"[NULL]","thread_execution"
1927,"[ExpoImage] rerenderIfNeeded(shouldRerenderBecauseOfResize=false,force=false)",53013310007608,169416,"[NULL]","thread_execution"
2178,"[ExpoImage] rerenderIfNeeded(shouldRerenderBecauseOfResize=true,force=false)",53013373103441,1926583,"[NULL]","thread_execution"
2186,"[ExpoImage] load new image",53013374402108,181480917,"[ExpoImage] load new image","atrace_async_slice"
2287,"[ExpoImage] rerenderIfNeeded(shouldRerenderBecauseOfResize=true,force=false)",53013377355691,753250,"[NULL]","thread_execution"
2296,"[ExpoImage] load new image",53013378009149,829001293,"[ExpoImage] load new image","atrace_async_slice"
2361,"[ExpoImage] rerenderIfNeeded(shouldRerenderBecauseOfResize=true,force=false)",53013379783274,339667,"[NULL]","thread_execution"
2363,"[ExpoImage] load new image",53013380079316,176662667,"[ExpoImage] load new image","atrace_async_slice"
3288,"[ExpoImage] rerenderIfNeeded(shouldRerenderBecauseOfResize=false,force=false)",53013465526858,57208,"[NULL]","thread_execution"
3291,"[ExpoImage] rerenderIfNeeded(shouldRerenderBecauseOfResize=false,force=false)",53013467772649,24334,"[NULL]","thread_execution"
3295,"[ExpoImage] rerenderIfNeeded(shouldRerenderBecauseOfResize=false,force=false)",53013468996566,43958,"[NULL]","thread_execution"
3299,"[ExpoImage] rerenderIfNeeded(shouldRerenderBecauseOfResize=false,force=false)",53013470223358,63458,"[NULL]","thread_execution"
4339,"[ExpoImage] onResourceReady",53013555902733,721417,"[NULL]","thread_execution"
4346,"[ExpoImage] onResourceReady",53013556767400,449541,"[NULL]","thread_execution"
6706,"[ExpoImage] rerenderIfNeeded(shouldRerenderBecauseOfResize=false,force=false)",53014074793483,485417,"[NULL]","thread_execution"
6821,"[ExpoImage] rerenderIfNeeded(shouldRerenderBecauseOfResize=false,force=false)",53014115347983,42875,"[NULL]","thread_execution"
7302,"[ExpoImage] onResourceReady",53014207054025,906958,"[NULL]","thread_execution"
9787,"[ExpoImage] rerenderIfNeeded(shouldRerenderBecauseOfResize=false,force=false)",53014736320733,208584,"[NULL]","thread_execution"
12273,"SurfaceMountingManager::createViewUnsafe(ViewManagerAdapter_ExpoImage)",53015441689442,2791708,"[NULL]","thread_execution"
12274,"[ExpoImage] rerenderIfNeeded(shouldRerenderBecauseOfResize=false,force=false)",53015443978567,496167,"[NULL]","thread_execution"
12285,"[ExpoImage] rerenderIfNeeded(shouldRerenderBecauseOfResize=false,force=false)",53015447711400,133000,"[NULL]","thread_execution"
12290,"[ExpoImage] rerenderIfNeeded(shouldRerenderBecauseOfResize=true,force=false)",53015448658359,1944791,"[NULL]","thread_execution"
12295,"[ExpoImage] load new image",53015449812984,783458,"[ExpoImage] load new image","atrace_async_slice"
12324,"[ExpoImage] onResourceReady",53015454414692,595792,"[NULL]","thread_execution"
12902,"[ExpoImage] rerenderIfNeeded(shouldRerenderBecauseOfResize=false,force=false)",53015513605859,366875,"[NULL]","thread_execution"
13050,"[ExpoImage] rerenderIfNeeded(shouldRerenderBecauseOfResize=false,force=false)",53015533254109,64916,"[NULL]","thread_execution"
20389,"SurfaceMountingManager::createViewUnsafe(ViewManagerAdapter_ExpoImage)",53017194045235,1210083,"[NULL]","thread_execution"
20390,"[ExpoImage] rerenderIfNeeded(shouldRerenderBecauseOfResize=false,force=false)",53017195125943,124667,"[NULL]","thread_execution"
20393,"SurfaceMountingManager::createViewUnsafe(ViewManagerAdapter_ExpoImage)",53017195404568,428042,"[NULL]","thread_execution"
20394,"[ExpoImage] rerenderIfNeeded(shouldRerenderBecauseOfResize=false,force=false)",53017195807276,20500,"[NULL]","thread_execution"
20651,"SurfaceMountingManager::createViewUnsafe(ViewManagerAdapter_ExpoImage)",53017245875443,555208,"[NULL]","thread_execution"
20652,"[ExpoImage] rerenderIfNeeded(shouldRerenderBecauseOfResize=false,force=false)",53017246392651,36334,"[NULL]","thread_execution"
20848,"[ExpoImage] rerenderIfNeeded(shouldRerenderBecauseOfResize=true,force=false)",53017275978318,4274208,"[NULL]","thread_execution"
20850,"[ExpoImage] load new image",53017278607610,1459125,"[ExpoImage] load new image","atrace_async_slice"
20903,"[ExpoImage] rerenderIfNeeded(shouldRerenderBecauseOfResize=true,force=false)",53017286144651,846875,"[NULL]","thread_execution"
20909,"[ExpoImage] load new image",53017286667610,148675541,"[ExpoImage] load new image","atrace_async_slice"
20951,"[ExpoImage] rerenderIfNeeded(shouldRerenderBecauseOfResize=true,force=false)",53017294068818,465458,"[NULL]","thread_execution"
20953,"[ExpoImage] load new image",53017294337818,191208,"[ExpoImage] load new image","atrace_async_slice"
21261,"[ExpoImage] onResourceReady",53017322756193,561542,"[NULL]","thread_execution"
21263,"[ExpoImage] onResourceReady",53017323326443,96250,"[NULL]","thread_execution"
21507,"[ExpoImage] rerenderIfNeeded(shouldRerenderBecauseOfResize=false,force=false)",53017330219485,148166,"[NULL]","thread_execution"
21597,"[ExpoImage] rerenderIfNeeded(shouldRerenderBecauseOfResize=false,force=false)",53017342698026,30959,"[NULL]","thread_execution"
21628,"[ExpoImage] rerenderIfNeeded(shouldRerenderBecauseOfResize=false,force=false)",53017344798610,30666,"[NULL]","thread_execution"
21632,"[ExpoImage] rerenderIfNeeded(shouldRerenderBecauseOfResize=false,force=false)",53017345751901,13334,"[NULL]","thread_execution"
22422,"[ExpoImage] rerenderIfNeeded(shouldRerenderBecauseOfResize=false,force=false)",53017395333693,339667,"[NULL]","thread_execution"
22777,"[ExpoImage] onResourceReady",53017435390276,16312959,"[NULL]","thread_execution"
23287,"[ExpoImage] rerenderIfNeeded(shouldRerenderBecauseOfResize=false,force=false)",53017484492026,510084,"[NULL]","thread_execution"
23507,"[ExpoImage] rerenderIfNeeded(shouldRerenderBecauseOfResize=false,force=false)",53017502759110,54708,"[NULL]","thread_execution"
24885,"[ExpoImage] rerenderIfNeeded(shouldRerenderBecauseOfResize=false,force=false)",53017754678318,926667,"[NULL]","thread_execution"
26921,"[ExpoImage] rerenderIfNeeded(shouldRerenderBecauseOfResize=false,force=false)",53018170721568,137917,"[NULL]","thread_execution"
27185,"[ExpoImage] rerenderIfNeeded(shouldRerenderBecauseOfResize=false,force=false)",53018205070735,145458,"[NULL]","thread_execution"
29252,"SurfaceMountingManager::createViewUnsafe(ViewManagerAdapter_ExpoImage)",53018826242277,1062875,"[NULL]","thread_execution"
29255,"[ExpoImage] rerenderIfNeeded(shouldRerenderBecauseOfResize=false,force=false)",53018827225110,77542,"[NULL]","thread_execution"
29262,"[ExpoImage] rerenderIfNeeded(shouldRerenderBecauseOfResize=false,force=false)",53018828927569,109791,"[NULL]","thread_execution"
29265,"[ExpoImage] rerenderIfNeeded(shouldRerenderBecauseOfResize=true,force=false)",53018829402860,1540542,"[NULL]","thread_execution"
29267,"[ExpoImage] load new image",53018830255235,680042,"[ExpoImage] load new image","atrace_async_slice"
29288,"[ExpoImage] onResourceReady",53018833345194,368791,"[NULL]","thread_execution"
29551,"[ExpoImage] rerenderIfNeeded(shouldRerenderBecauseOfResize=false,force=false)",53018851379027,55708,"[NULL]","thread_execution"
29869,"[ExpoImage] rerenderIfNeeded(shouldRerenderBecauseOfResize=false,force=false)",53018893453152,74583,"[NULL]","thread_execution"
30118,"[ExpoImage] rerenderIfNeeded(shouldRerenderBecauseOfResize=false,force=false)",53018912079527,33000,"[NULL]","thread_execution"
37570,"SurfaceMountingManager::createViewUnsafe(ViewManagerAdapter_ExpoImage)",53020611428736,2909209,"[NULL]","thread_execution"
37571,"[ExpoImage] rerenderIfNeeded(shouldRerenderBecauseOfResize=false,force=false)",53020614188986,144000,"[NULL]","thread_execution"
37574,"SurfaceMountingManager::createViewUnsafe(ViewManagerAdapter_ExpoImage)",53020614565028,472667,"[NULL]","thread_execution"
37575,"[ExpoImage] rerenderIfNeeded(shouldRerenderBecauseOfResize=false,force=false)",53020615008611,25667,"[NULL]","thread_execution"
37847,"SurfaceMountingManager::createViewUnsafe(ViewManagerAdapter_ExpoImage)",53020660917070,556083,"[NULL]","thread_execution"
37848,"[ExpoImage] rerenderIfNeeded(shouldRerenderBecauseOfResize=false,force=false)",53020661422320,48666,"[NULL]","thread_execution"
38529,"[ExpoImage] rerenderIfNeeded(shouldRerenderBecauseOfResize=true,force=false)",53020709741695,1237416,"[NULL]","thread_execution"
38531,"[ExpoImage] load new image",53020710529278,444083,"[ExpoImage] load new image","atrace_async_slice"
38570,"[ExpoImage] rerenderIfNeeded(shouldRerenderBecauseOfResize=true,force=false)",53020712774195,356666,"[NULL]","thread_execution"
38572,"[ExpoImage] load new image",53020712996403,896167417,"[ExpoImage] load new image","atrace_async_slice"
38592,"[ExpoImage] rerenderIfNeeded(shouldRerenderBecauseOfResize=true,force=false)",53020714025070,250916,"[NULL]","thread_execution"
38594,"[ExpoImage] load new image",53020714130403,142333,"[ExpoImage] load new image","atrace_async_slice"
39262,"[ExpoImage] onResourceReady",53020758834486,968584,"[NULL]","thread_execution"
39304,"[ExpoImage] onResourceReady",53020759818028,132667,"[NULL]","thread_execution"
39417,"[ExpoImage] rerenderIfNeeded(shouldRerenderBecauseOfResize=false,force=false)",53020765225653,85708,"[NULL]","thread_execution"
39421,"[ExpoImage] rerenderIfNeeded(shouldRerenderBecauseOfResize=false,force=false)",53020766585820,25375,"[NULL]","thread_execution"
39457,"JIT compiling void expo.modules.image.ExpoImageViewWrapper.rerenderIfNeeded$expo_image_release(boolean, boolean) (kind=Baseline) from /data/app/~~klXCJdNpBSfzhFTgn3sAag==/com.whoelseisfree.app-kZvEDK33bKX4u3y-NATdTQ==/base.apk!classes3.dex",53020769227861,582105501,"[NULL]","thread_execution"
39463,"[ExpoImage] rerenderIfNeeded(shouldRerenderBecauseOfResize=false,force=false)",53020773325236,31084,"[NULL]","thread_execution"
39474,"[ExpoImage] rerenderIfNeeded(shouldRerenderBecauseOfResize=false,force=false)",53020774261403,14458,"[NULL]","thread_execution"
40405,"[ExpoImage] rerenderIfNeeded(shouldRerenderBecauseOfResize=false,force=false)",53020843611195,44833,"[NULL]","thread_execution"
40908,"[ExpoImage] rerenderIfNeeded(shouldRerenderBecauseOfResize=false,force=false)",53020878435695,45958,"[NULL]","thread_execution"
43563,"[ExpoImage] rerenderIfNeeded(shouldRerenderBecauseOfResize=false,force=false)",53021437561987,126166,"[NULL]","thread_execution"
43869,"[ExpoImage] rerenderIfNeeded(shouldRerenderBecauseOfResize=false,force=false)",53021523851570,55458,"[NULL]","thread_execution"
44649,"[ExpoImage] onResourceReady",53021609602862,6075250,"[NULL]","thread_execution"
49453,"SurfaceMountingManager::createViewUnsafe(ViewManagerAdapter_ExpoImage)",53022308226820,1548375,"[NULL]","thread_execution"
49454,"[ExpoImage] rerenderIfNeeded(shouldRerenderBecauseOfResize=false,force=false)",53022309607945,164292,"[NULL]","thread_execution"
49466,"[ExpoImage] rerenderIfNeeded(shouldRerenderBecauseOfResize=false,force=false)",53022311649445,55625,"[NULL]","thread_execution"
49469,"[ExpoImage] rerenderIfNeeded(shouldRerenderBecauseOfResize=true,force=false)",53022312221237,710667,"[NULL]","thread_execution"
49471,"[ExpoImage] load new image",53022312643237,285125,"[ExpoImage] load new image","atrace_async_slice"
49492,"[ExpoImage] onResourceReady",53022315081612,297792,"[NULL]","thread_execution"
50025,"[ExpoImage] rerenderIfNeeded(shouldRerenderBecauseOfResize=false,force=false)",53022367526279,73458,"[NULL]","thread_execution"
50280,"[ExpoImage] rerenderIfNeeded(shouldRerenderBecauseOfResize=false,force=false)",53022390622737,36667,"[NULL]","thread_execution"
57769,"SurfaceMountingManager::createViewUnsafe(ViewManagerAdapter_ExpoImage)",53024192177696,2530084,"[NULL]","thread_execution"
57770,"[ExpoImage] rerenderIfNeeded(shouldRerenderBecauseOfResize=false,force=false)",53024194564530,136375,"[NULL]","thread_execution"
57773,"SurfaceMountingManager::createViewUnsafe(ViewManagerAdapter_ExpoImage)",53024194969196,478417,"[NULL]","thread_execution"
57774,"[ExpoImage] rerenderIfNeeded(shouldRerenderBecauseOfResize=false,force=false)",53024195429613,16208,"[NULL]","thread_execution"
58017,"SurfaceMountingManager::createViewUnsafe(ViewManagerAdapter_ExpoImage)",53024246114405,951750,"[NULL]","thread_execution"
58018,"[ExpoImage] rerenderIfNeeded(shouldRerenderBecauseOfResize=false,force=false)",53024246983655,78791,"[NULL]","thread_execution"
58450,"[ExpoImage] rerenderIfNeeded(shouldRerenderBecauseOfResize=true,force=false)",53024306078988,3640125,"[NULL]","thread_execution"
58459,"[ExpoImage] load new image",53024307155363,2553792,"[ExpoImage] load new image","atrace_async_slice"
58703,"[ExpoImage] rerenderIfNeeded(shouldRerenderBecauseOfResize=true,force=false)",53024312221571,1251500,"[NULL]","thread_execution"
58705,"[ExpoImage] load new image",53024312594905,127660916,"[ExpoImage] load new image","atrace_async_slice"
58726,"[ExpoImage] rerenderIfNeeded(shouldRerenderBecauseOfResize=true,force=false)",53024314545238,306500,"[NULL]","thread_execution"
58728,"[ExpoImage] load new image",53024314675655,173000,"[ExpoImage] load new image","atrace_async_slice"
59429,"[ExpoImage] onResourceReady",53024366549113,445667,"[NULL]","thread_execution"
59452,"[ExpoImage] onResourceReady",53024367002655,100458,"[NULL]","thread_execution"
59930,"[ExpoImage] rerenderIfNeeded(shouldRerenderBecauseOfResize=false,force=false)",53024406773821,50667,"[NULL]","thread_execution"
60329,"[ExpoImage] onResourceReady",53024440292280,600833,"[NULL]","thread_execution"
60775,"[ExpoImage] rerenderIfNeeded(shouldRerenderBecauseOfResize=false,force=false)",53024473466655,67166,"[NULL]","thread_execution"
60962,"[ExpoImage] rerenderIfNeeded(shouldRerenderBecauseOfResize=false,force=false)",53024476635321,32417,"[NULL]","thread_execution"
61229,"[ExpoImage] rerenderIfNeeded(shouldRerenderBecauseOfResize=false,force=false)",53024504777571,35792,"[NULL]","thread_execution"
61546,"[ExpoImage] rerenderIfNeeded(shouldRerenderBecauseOfResize=false,force=false)",53024531327071,66584,"[NULL]","thread_execution"
63133,"[ExpoImage] rerenderIfNeeded(shouldRerenderBecauseOfResize=false,force=false)",53024889130780,1620708,"[NULL]","thread_execution"
63377,"[ExpoImage] rerenderIfNeeded(shouldRerenderBecauseOfResize=false,force=false)",53024921987113,43250,"[NULL]","thread_execution"
64560,"[ExpoImage] rerenderIfNeeded(shouldRerenderBecauseOfResize=false,force=false)",53025181495947,223875,"[NULL]","thread_execution"
67118,"SurfaceMountingManager::createViewUnsafe(ViewManagerAdapter_ExpoImage)",53025909172822,1038458,"[NULL]","thread_execution"
67119,"[ExpoImage] rerenderIfNeeded(shouldRerenderBecauseOfResize=false,force=false)",53025910135447,73500,"[NULL]","thread_execution"
67122,"[ExpoImage] rerenderIfNeeded(shouldRerenderBecauseOfResize=false,force=false)",53025911372489,80708,"[NULL]","thread_execution"
67125,"[ExpoImage] rerenderIfNeeded(shouldRerenderBecauseOfResize=true,force=false)",53025911837655,2340459,"[NULL]","thread_execution"
67127,"[ExpoImage] load new image",53025913224905,946834,"[ExpoImage] load new image","atrace_async_slice"
67148,"[ExpoImage] onResourceReady",53025916197364,279416,"[NULL]","thread_execution"
67399,"[ExpoImage] rerenderIfNeeded(shouldRerenderBecauseOfResize=false,force=false)",53025927967072,207875,"[NULL]","thread_execution"
67690,"[ExpoImage] rerenderIfNeeded(shouldRerenderBecauseOfResize=false,force=false)",53025962109739,74833,"[NULL]","thread_execution"
67941,"[ExpoImage] rerenderIfNeeded(shouldRerenderBecauseOfResize=false,force=false)",53025979410614,20500,"[NULL]","thread_execution"
75592,"SurfaceMountingManager::createViewUnsafe(ViewManagerAdapter_ExpoImage)",53027760897948,1472750,"[NULL]","thread_execution"
75593,"[ExpoImage] rerenderIfNeeded(shouldRerenderBecauseOfResize=false,force=false)",53027762218490,142541,"[NULL]","thread_execution"
75596,"SurfaceMountingManager::createViewUnsafe(ViewManagerAdapter_ExpoImage)",53027762541115,344333,"[NULL]","thread_execution"
75597,"[ExpoImage] rerenderIfNeeded(shouldRerenderBecauseOfResize=false,force=false)",53027762870740,13166,"[NULL]","thread_execution"
75806,"SurfaceMountingManager::createViewUnsafe(ViewManagerAdapter_ExpoImage)",53027795932156,827500,"[NULL]","thread_execution"
75807,"[ExpoImage] rerenderIfNeeded(shouldRerenderBecauseOfResize=false,force=false)",53027796717615,36458,"[NULL]","thread_execution"
76055,"[ExpoImage] rerenderIfNeeded(shouldRerenderBecauseOfResize=true,force=false)",53027837752448,2483792,"[NULL]","thread_execution"
76057,"[ExpoImage] load new image",53027838428615,1802375,"[ExpoImage] load new image","atrace_async_slice"
76123,"[ExpoImage] rerenderIfNeeded(shouldRerenderBecauseOfResize=true,force=false)",53027844526240,388958,"[NULL]","thread_execution"
76125,"[ExpoImage] load new image",53027844789198,81476917,"[ExpoImage] load new image","atrace_async_slice"
76145,"[ExpoImage] rerenderIfNeeded(shouldRerenderBecauseOfResize=true,force=false)",53027845787406,297667,"[NULL]","thread_execution"
76147,"[ExpoImage] load new image",53027845905781,176417,"[ExpoImage] load new image","atrace_async_slice"
76383,"[ExpoImage] onResourceReady",53027864167448,327667,"[NULL]","thread_execution"
76401,"[ExpoImage] onResourceReady",53027864503656,88417,"[NULL]","thread_execution"
76469,"[ExpoImage] rerenderIfNeeded(shouldRerenderBecauseOfResize=false,force=false)",53027867022573,37083,"[NULL]","thread_execution"
76472,"[ExpoImage] rerenderIfNeeded(shouldRerenderBecauseOfResize=false,force=false)",53027867723365,9750,"[NULL]","thread_execution"
76476,"[ExpoImage] rerenderIfNeeded(shouldRerenderBecauseOfResize=false,force=false)",53027868326448,8083,"[NULL]","thread_execution"
76484,"[ExpoImage] rerenderIfNeeded(shouldRerenderBecauseOfResize=false,force=false)",53027869932573,22167,"[NULL]","thread_execution"
77578,"[ExpoImage] onResourceReady",53027926303865,1348541,"[NULL]","thread_execution"
78059,"[ExpoImage] rerenderIfNeeded(shouldRerenderBecauseOfResize=false,force=false)",53027959688656,74542,"[NULL]","thread_execution"
78308,"[ExpoImage] rerenderIfNeeded(shouldRerenderBecauseOfResize=false,force=false)",53027977159865,19166,"[NULL]","thread_execution"
79531,"[ExpoImage] rerenderIfNeeded(shouldRerenderBecauseOfResize=false,force=false)",53028104807990,60833,"[NULL]","thread_execution"
82973,"[ExpoImage] rerenderIfNeeded(shouldRerenderBecauseOfResize=false,force=false)",53028837724740,1190792,"[NULL]","thread_execution"
85187,"SurfaceMountingManager::createViewUnsafe(ViewManagerAdapter_ExpoImage)",53029478538740,1325125,"[NULL]","thread_execution"
85189,"[ExpoImage] rerenderIfNeeded(shouldRerenderBecauseOfResize=false,force=false)",53029479786865,74500,"[NULL]","thread_execution"
85192,"[ExpoImage] rerenderIfNeeded(shouldRerenderBecauseOfResize=false,force=false)",53029481430615,74625,"[NULL]","thread_execution"
85195,"[ExpoImage] rerenderIfNeeded(shouldRerenderBecauseOfResize=true,force=false)",53029481863532,1973500,"[NULL]","thread_execution"
85197,"[ExpoImage] load new image",53029482855824,968583,"[ExpoImage] load new image","atrace_async_slice"
85218,"[ExpoImage] onResourceReady",53029486752407,574125,"[NULL]","thread_execution"
85433,"[ExpoImage] rerenderIfNeeded(shouldRerenderBecauseOfResize=false,force=false)",53029495784490,322000,"[NULL]","thread_execution"
85791,"[ExpoImage] rerenderIfNeeded(shouldRerenderBecauseOfResize=false,force=false)",53029542743365,60167,"[NULL]","thread_execution"
86039,"[ExpoImage] rerenderIfNeeded(shouldRerenderBecauseOfResize=false,force=false)",53029561651365,46000,"[NULL]","thread_execution"
94293,"SurfaceMountingManager::createViewUnsafe(ViewManagerAdapter_ExpoImage)",53031132260825,13896416,"[NULL]","thread_execution"
94310,"[ExpoImage] rerenderIfNeeded(shouldRerenderBecauseOfResize=false,force=false)",53031143817075,2316416,"[NULL]","thread_execution"
94354,"SurfaceMountingManager::createViewUnsafe(ViewManagerAdapter_ExpoImage)",53031161484283,6912500,"[NULL]","thread_execution"
94355,"[ExpoImage] rerenderIfNeeded(shouldRerenderBecauseOfResize=false,force=false)",53031168351075,39750,"[NULL]","thread_execution"
94656,"SurfaceMountingManager::createViewUnsafe(ViewManagerAdapter_ExpoImage)",53031243761450,728375,"[NULL]","thread_execution"
94657,"[ExpoImage] rerenderIfNeeded(shouldRerenderBecauseOfResize=false,force=false)",53031244456408,31792,"[NULL]","thread_execution"
95021,"[ExpoImage] rerenderIfNeeded(shouldRerenderBecauseOfResize=true,force=false)",53031371468491,4470500,"[NULL]","thread_execution"
95035,"[ExpoImage] load new image",53031375054866,876584,"[ExpoImage] load new image","atrace_async_slice"
95074,"[ExpoImage] rerenderIfNeeded(shouldRerenderBecauseOfResize=true,force=false)",53031379315575,10097500,"[NULL]","thread_execution"
95076,"[ExpoImage] load new image",53031379701741,302679834,"[ExpoImage] load new image","atrace_async_slice"
95104,"[ExpoImage] rerenderIfNeeded(shouldRerenderBecauseOfResize=true,force=false)",53031397233783,568333,"[NULL]","thread_execution"
95106,"[ExpoImage] load new image",53031397539866,258084,"[ExpoImage] load new image","atrace_async_slice"
95529,"[ExpoImage] onResourceReady",53031442506408,737542,"[NULL]","thread_execution"
95537,"[ExpoImage] onResourceReady",53031443253200,138375,"[NULL]","thread_execution"
95700,"[ExpoImage] rerenderIfNeeded(shouldRerenderBecauseOfResize=false,force=false)",53031450279575,38375,"[NULL]","thread_execution"
95707,"[ExpoImage] rerenderIfNeeded(shouldRerenderBecauseOfResize=false,force=false)",53031451757241,19584,"[NULL]","thread_execution"
96376,"[ExpoImage] rerenderIfNeeded(shouldRerenderBecauseOfResize=false,force=false)",53031511440116,29917,"[NULL]","thread_execution"
96388,"[ExpoImage] rerenderIfNeeded(shouldRerenderBecauseOfResize=false,force=false)",53031516486783,18292,"[NULL]","thread_execution"
96783,"[ExpoImage] rerenderIfNeeded(shouldRerenderBecauseOfResize=false,force=false)",53031532082116,22292,"[NULL]","thread_execution"
98144,"[ExpoImage] onResourceReady",53031682411867,901333,"[NULL]","thread_execution"
100744,"[ExpoImage] rerenderIfNeeded(shouldRerenderBecauseOfResize=false,force=false)",53033050242242,4757208,"[NULL]","thread_execution"
100863,"[ExpoImage] rerenderIfNeeded(shouldRerenderBecauseOfResize=false,force=false)",53033093656826,28583,"[NULL]","thread_execution"
101022,"[ExpoImage] rerenderIfNeeded(shouldRerenderBecauseOfResize=false,force=false)",53033222112867,68792,"[NULL]","thread_execution"
102384,"[ExpoImage] rerenderIfNeeded(shouldRerenderBecauseOfResize=false,force=false)",53033552124451,91166,"[NULL]","thread_execution"
108818,"[ExpoImage] rerenderIfNeeded(shouldRerenderBecauseOfResize=false,force=false)",53036348223244,740250,"[NULL]","thread_execution"
109458,"[ExpoImage] rerenderIfNeeded(shouldRerenderBecauseOfResize=false,force=false)",53036459595035,66834,"[NULL]","thread_execution"
111142,"[ExpoImage] rerenderIfNeeded(shouldRerenderBecauseOfResize=false,force=false)",53037045230994,175125,"[NULL]","thread_execution"
111543,"[ExpoImage] rerenderIfNeeded(shouldRerenderBecauseOfResize=false,force=false)",53037084668036,77041,"[NULL]","thread_execution"
111566,"[ExpoImage] rerenderIfNeeded(shouldRerenderBecauseOfResize=false,force=false)",53037092461994,31875,"[NULL]","thread_execution"
111574,"[ExpoImage] rerenderIfNeeded(shouldRerenderBecauseOfResize=false,force=false)",53037094026452,18500,"[NULL]","thread_execution"
112180,"[ExpoImage] rerenderIfNeeded(shouldRerenderBecauseOfResize=false,force=false)",53037167379452,64709,"[NULL]","thread_execution"
112465,"[ExpoImage] rerenderIfNeeded(shouldRerenderBecauseOfResize=false,force=false)",53037228759369,93083,"[NULL]","thread_execution"
112553,"[ExpoImage] rerenderIfNeeded(shouldRerenderBecauseOfResize=false,force=false)",53037231405661,41791,"[NULL]","thread_execution"
113363,"[ExpoImage] rerenderIfNeeded(shouldRerenderBecauseOfResize=false,force=false)",53037303006453,59291,"[NULL]","thread_execution"
114131,"[ExpoImage] rerenderIfNeeded(shouldRerenderBecauseOfResize=false,force=false)",53037373779328,76916,"[NULL]","thread_execution"
128996,"SurfaceMountingManager::createViewUnsafe(ViewManagerAdapter_ExpoImage)",53043179102497,2915875,"[NULL]","thread_execution"
128997,"[ExpoImage] rerenderIfNeeded(shouldRerenderBecauseOfResize=false,force=false)",53043181710955,284500,"[NULL]","thread_execution"
129000,"SurfaceMountingManager::createViewUnsafe(ViewManagerAdapter_ExpoImage)",53043182246205,493209,"[NULL]","thread_execution"
129001,"[ExpoImage] rerenderIfNeeded(shouldRerenderBecauseOfResize=false,force=false)",53043182719455,17584,"[NULL]","thread_execution"
129309,"SurfaceMountingManager::createViewUnsafe(ViewManagerAdapter_ExpoImage)",53043242369664,536708,"[NULL]","thread_execution"
129310,"[ExpoImage] rerenderIfNeeded(shouldRerenderBecauseOfResize=false,force=false)",53043242871372,33250,"[NULL]","thread_execution"
129555,"[ExpoImage] rerenderIfNeeded(shouldRerenderBecauseOfResize=true,force=false)",53043282934997,2372792,"[NULL]","thread_execution"
129557,"[ExpoImage] load new image",53043283877080,1422042,"[ExpoImage] load new image","atrace_async_slice"
129610,"[ExpoImage] rerenderIfNeeded(shouldRerenderBecauseOfResize=true,force=false)",53043288167455,2084375,"[NULL]","thread_execution"
129612,"[ExpoImage] load new image",53043288427330,140000792,"[ExpoImage] load new image","atrace_async_slice"
129643,"[ExpoImage] rerenderIfNeeded(shouldRerenderBecauseOfResize=true,force=false)",53043292782122,561333,"[NULL]","thread_execution"
129645,"[ExpoImage] load new image",53043293076039,260250,"[ExpoImage] load new image","atrace_async_slice"
129859,"[ExpoImage] onResourceReady",53043316436122,1114750,"[NULL]","thread_execution"
129861,"[ExpoImage] onResourceReady",53043317573455,1165750,"[NULL]","thread_execution"
130032,"[ExpoImage] rerenderIfNeeded(shouldRerenderBecauseOfResize=false,force=false)",53043339075747,41042,"[NULL]","thread_execution"
130440,"[ExpoImage] rerenderIfNeeded(shouldRerenderBecauseOfResize=false,force=false)",53043400303039,35458,"[NULL]","thread_execution"
130783,"[ExpoImage] onResourceReady",53043428462330,832459,"[NULL]","thread_execution"
133364,"[ExpoImage] rerenderIfNeeded(shouldRerenderBecauseOfResize=false,force=false)",53043694422497,470042,"[NULL]","thread_execution"
133465,"[ExpoImage] rerenderIfNeeded(shouldRerenderBecauseOfResize=false,force=false)",53043719286747,26959,"[NULL]","thread_execution"
136716,"[ExpoImage] rerenderIfNeeded(shouldRerenderBecauseOfResize=false,force=false)",53044348188289,170209,"[NULL]","thread_execution"
137046,"[ExpoImage] rerenderIfNeeded(shouldRerenderBecauseOfResize=false,force=false)",53044378728873,55708,"[NULL]","thread_execution"
139007,"SurfaceMountingManager::createViewUnsafe(ViewManagerAdapter_ExpoImage)",53044993510331,1011167,"[NULL]","thread_execution"
139008,"[ExpoImage] rerenderIfNeeded(shouldRerenderBecauseOfResize=false,force=false)",53044994452081,66750,"[NULL]","thread_execution"
139011,"[ExpoImage] rerenderIfNeeded(shouldRerenderBecauseOfResize=false,force=false)",53044995996540,159083,"[NULL]","thread_execution"
139014,"[ExpoImage] rerenderIfNeeded(shouldRerenderBecauseOfResize=true,force=false)",53044996422790,1770708,"[NULL]","thread_execution"
139016,"[ExpoImage] load new image",53044997401040,785958,"[ExpoImage] load new image","atrace_async_slice"
139037,"[ExpoImage] onResourceReady",53045000284665,507416,"[NULL]","thread_execution"
139290,"[ExpoImage] rerenderIfNeeded(shouldRerenderBecauseOfResize=false,force=false)",53045012176165,146291,"[NULL]","thread_execution"
139576,"[ExpoImage] rerenderIfNeeded(shouldRerenderBecauseOfResize=false,force=false)",53045043371998,87125,"[NULL]","thread_execution"
139829,"[ExpoImage] rerenderIfNeeded(shouldRerenderBecauseOfResize=false,force=false)",53045062432373,22583,"[NULL]","thread_execution"
