"name","ts","dur","tid","thread_name","is_main_thread"
"postAndWait",53013045591941,10953708,16838,"oelseisfree.app",1
"DrawFrames 12169240",53013045843233,35159708,16871,"RenderThread",0
"IntBufferBatchMountItem::mountViews",53013119590483,659833,16838,"oelseisfree.app",1
"IntBufferBatchMountItem::mountViews",53013357858066,22466542,16838,"oelseisfree.app",1
"postAndWait",53013419050816,34898333,16838,"oelseisfree.app",1
"DrawFrames 12169368",53013421984691,31953500,16871,"RenderThread",0
"IntBufferBatchMountItem::mountViews",53013463767399,2253917,16838,"oelseisfree.app",1
"IntBufferBatchMountItem::mountViews",53013466030024,2286292,16838,"oelseisfree.app",1
"IntBufferBatchMountItem::mountViews",53013468325733,951833,16838,"oelseisfree.app",1
"IntBufferBatchMountItem::mountViews",53013469282983,13797333,16838,"oelseisfree.app",1
"IntBufferBatchMountItem::mountViews",53013483090733,284250,16838,"oelseisfree.app",1
"IntBufferBatchMountItem::mountViews",53013485487483,233875,16838,"oelseisfree.app",1
"postAndWait",53013493687025,11535083,16838,"oelseisfree.app",1
"DrawFrames 12169375",53013493698316,56172542,16871,"RenderThread",0
"[ExpoImage] onResourceReady",53013555902733,721417,16838,"oelseisfree.app",1
"[ExpoImage] onResourceReady",53013556767400,449541,16838,"oelseisfree.app",1
"IntBufferBatchMountItem::mountViews",53013567581066,336750,16838,"oelseisfree.app",1
"postAndWait",53013569783400,11292208,16838,"oelseisfree.app",1
"DrawFrames 12169450",53013569803025,57018375,16871,"RenderThread",0
"IntBufferBatchMountItem::mountViews",53013621195483,488125,16838,"oelseisfree.app",1
"postAndWait",53013622216400,6357375,16838,"oelseisfree.app",1
"DrawFrames 12169482",53013626842691,5816375,16871,"RenderThread",0
"IntBufferBatchMountItem::mountViews",53013630279066,1838042,16838,"oelseisfree.app",1
"postAndWait",53013632392733,853042,16838,"oelseisfree.app",1
"DrawFrames 12169491",53013632666566,1328000,16871,"RenderThread",0
"IntBufferBatchMountItem::mountViews",53013644365358,7227083,16838,"oelseisfree.app",1
"postAndWait",53013651860150,14024083,16838,"oelseisfree.app",1
"DrawFrames 12169501",53013660936233,1916167,16871,"RenderThread",0
"IntBufferBatchMountItem::mountViews",53013672335400,1346000,16838,"oelseisfree.app",1
"postAndWait",53013674286900,2621000,16838,"oelseisfree.app",1
"DrawFrames 12169508",53013674526608,1186542,16871,"RenderThread",0
"IntBufferBatchMountItem::mountViews",53013678642900,2080333,16838,"oelseisfree.app",1
"postAndWait",53013681075608,3027333,16838,"oelseisfree.app",1
"DrawFrames 12169515",53013681113900,519208,16871,"RenderThread",0
"IntBufferBatchMountItem::mountViews",53013693583900,1805625,16838,"oelseisfree.app",1
"postAndWait",53013695677483,13340083,16838,"oelseisfree.app",1
"DrawFrames 12169522",53013697895108,11052042,16871,"RenderThread",0
"IntBufferBatchMountItem::mountViews",53013711629441,1032709,16838,"oelseisfree.app",1
"postAndWait",53013712897900,3366041,16838,"oelseisfree.app",1
"DrawFrames 12169529",53013715173316,564375,16871,"RenderThread",0
"IntBufferBatchMountItem::mountViews",53013726171441,2841292,16838,"oelseisfree.app",1
"postAndWait",53013731979483,6664250,16838,"oelseisfree.app",1
"DrawFrames 12169536",53013732282025,6347250,16871,"RenderThread",0
"IntBufferBatchMountItem::mountViews",53013745693691,538000,16838,"oelseisfree.app",1
"postAndWait",53013746407025,2343875,16838,"oelseisfree.app",1
"DrawFrames 12169543",53013748197816,543084,16871,"RenderThread",0
"IntBufferBatchMountItem::mountViews",53013761968608,563667,16838,"oelseisfree.app",1
"postAndWait",53013762722233,1232458,16838,"oelseisfree.app",1
"DrawFrames 12169550",53013762741858,458292,16871,"RenderThread",0
"IntBufferBatchMountItem::mountViews",53013776236858,543042,16838,"oelseisfree.app",1
"postAndWait",53013778272983,540208,16838,"oelseisfree.app",1
"DrawFrames 12169557",53013778291316,516667,16871,"RenderThread",0
"IntBufferBatchMountItem::mountViews",53013797008691,709417,16838,"oelseisfree.app",1
"postAndWait",53013798270733,723125,16838,"oelseisfree.app",1
"DrawFrames 12169564",53013798302816,678292,16871,"RenderThread",0
"IntBufferBatchMountItem::mountViews",53013809683400,551000,16838,"oelseisfree.app",1
"postAndWait",53013810598608,717125,16838,"oelseisfree.app",1
"DrawFrames 12169571",53013810628025,673708,16871,"RenderThread",0
"IntBufferBatchMountItem::mountViews",53013838548066,42183084,16838,"oelseisfree.app",1
"postAndWait",53013898477733,34292417,16838,"oelseisfree.app",1
"DrawFrames 12169578",53013899924358,39457833,16871,"RenderThread",0
"IntBufferBatchMountItem::mountViews",53013949220900,1126333,16838,"oelseisfree.app",1
"postAndWait",53013951111483,469458,16838,"oelseisfree.app",1
"DrawFrames 12169585",53013951128066,444417,16871,"RenderThread",0
"IntBufferBatchMountItem::mountViews",53013952993483,2391083,16838,"oelseisfree.app",1
"postAndWait",53013955531191,235709,16838,"oelseisfree.app",1
"DrawFrames 12169592",53013955541816,216500,16871,"RenderThread",0
"IntBufferBatchMountItem::mountViews",53013960999483,497833,16838,"oelseisfree.app",1
"postAndWait",53013961701275,697666,16838,"oelseisfree.app",1
"DrawFrames 12169599",53013961894691,494292,16871,"RenderThread",0
"IntBufferBatchMountItem::mountViews",53013980578150,313916,16838,"oelseisfree.app",1
"postAndWait",53013981058400,462791,16838,"oelseisfree.app",1
"DrawFrames 12169606",53013981077608,436542,16871,"RenderThread",0
"IntBufferBatchMountItem::mountViews",53014054312775,32849250,16838,"oelseisfree.app",1
"postAndWait",53014097761900,7715250,16838,"oelseisfree.app",1
"DrawFrames 12169634",53014099558566,27004000,16871,"RenderThread",0
"IntBufferBatchMountItem::mountViews",53014114466191,1239250,16838,"oelseisfree.app",1
"postAndWait",53014119682525,10801541,16838,"oelseisfree.app",1
"DrawFrames 12169641",53014126570566,74964292,16871,"RenderThread",0
"IntBufferBatchMountItem::mountViews",53014132609816,468917,16838,"oelseisfree.app",1
"postAndWait",53014133316316,71160792,16838,"oelseisfree.app",1
"DrawFrames 12169648",53014201548567,86896541,16871,"RenderThread",0
"[ExpoImage] onResourceReady",53014207054025,906958,16838,"oelseisfree.app",1
"IntBufferBatchMountItem::mountViews",53014212863567,423125,16838,"oelseisfree.app",1
"postAndWait",53014219872775,113377292,16838,"oelseisfree.app",1
"DrawFrames 12169656",53014332351483,47965292,16871,"RenderThread",0
"IntBufferBatchMountItem::mountViews",53014335319900,444542,16838,"oelseisfree.app",1
"postAndWait",53014336254233,44617959,16838,"oelseisfree.app",1
"DrawFrames 12169664",53014380327442,101661458,16871,"RenderThread",0
"IntBufferBatchMountItem::mountViews",53014381863692,459541,16838,"oelseisfree.app",1
"postAndWait",53014382568900,100014292,16838,"oelseisfree.app",1
"DrawFrames 12169680",53014482001817,11654666,16871,"RenderThread",0
"IntBufferBatchMountItem::mountViews",53014484603692,1072083,16838,"oelseisfree.app",1
"postAndWait",53014486496358,7691750,16838,"oelseisfree.app",1
"DrawFrames 12169688",53014493666733,59559792,16871,"RenderThread",0
"IntBufferBatchMountItem::mountViews",53014494966733,300459,16838,"oelseisfree.app",1
"postAndWait",53014495467650,58294083,16838,"oelseisfree.app",1
"DrawFrames 12169696",53014553238358,78416792,16871,"RenderThread",0
"IntBufferBatchMountItem::mountViews",53014554753150,1846208,16838,"oelseisfree.app",1
"postAndWait",53014557141858,80052709,16838,"oelseisfree.app",1
"DrawFrames 12169704",53014631666733,94786000,16871,"RenderThread",0
"IntBufferBatchMountItem::mountViews",53014638135150,669292,16838,"oelseisfree.app",1
"postAndWait",53014639021567,89997708,16838,"oelseisfree.app",1
"DrawFrames 12169712",53014726463567,71881541,16871,"RenderThread",0
"IntBufferBatchMountItem::mountViews",53014729299900,27437958,16838,"oelseisfree.app",1
"postAndWait",53014766541442,81256666,16838,"oelseisfree.app",1
"DrawFrames 12169719",53014798354067,126179000,16871,"RenderThread",0
"IntBufferBatchMountItem::mountViews",53014849353858,235667,16838,"oelseisfree.app",1
"postAndWait",53014856482025,68837167,16838,"oelseisfree.app",1
"DrawFrames 12169728",53014924544400,50671125,16871,"RenderThread",0
"IntBufferBatchMountItem::mountViews",53015445377317,5594292,16838,"oelseisfree.app",1
"postAndWait",53015452964942,1353250,16838,"oelseisfree.app",1
"DrawFrames 12169962",53015453129317,5206958,16871,"RenderThread",0
"[ExpoImage] onResourceReady",53015454414692,595792,16838,"oelseisfree.app",1
"IntBufferBatchMountItem::mountViews",53015457148150,309125,16838,"oelseisfree.app",1
"postAndWait",53015460649650,4495209,16838,"oelseisfree.app",1
"DrawFrames 12169969",53015463123442,18196792,16871,"RenderThread",0
"IntBufferBatchMountItem::mountViews",53015510062150,4837959,16838,"oelseisfree.app",1
"postAndWait",53015519273192,2639167,16838,"oelseisfree.app",1
"DrawFrames 12169993",53015519459525,6415375,16871,"RenderThread",0
"IntBufferBatchMountItem::mountViews",53015531520942,2307500,16838,"oelseisfree.app",1
"postAndWait",53015534332234,694333,16838,"oelseisfree.app",1
"DrawFrames 12170000",53015534460192,79587792,16871,"RenderThread",0
"IntBufferBatchMountItem::mountViews",53015582361609,836958,16838,"oelseisfree.app",1
"postAndWait",53015583628192,41899250,16838,"oelseisfree.app",1
"DrawFrames 12170008",53015614070401,21630333,16871,"RenderThread",0
"IntBufferBatchMountItem::mountViews",53015629554734,564958,16838,"oelseisfree.app",1
"postAndWait",53015630647526,10632291,16838,"oelseisfree.app",1
"DrawFrames 12170016",53015635708067,93593917,16871,"RenderThread",0
"IntBufferBatchMountItem::mountViews",53015652697276,1123458,16838,"oelseisfree.app",1
"postAndWait",53015654073401,76038208,16838,"oelseisfree.app",1
"DrawFrames 12170024",53015729316859,54683083,16871,"RenderThread",0
"IntBufferBatchMountItem::mountViews",53015734031234,1006958,16838,"oelseisfree.app",1
"postAndWait",53015744953317,39621584,16838,"oelseisfree.app",1
"DrawFrames 12170031",53015784088234,69731375,16871,"RenderThread",0
"IntBufferBatchMountItem::mountViews",53015787147692,685750,16838,"oelseisfree.app",1
"postAndWait",53015788363567,69066250,16838,"oelseisfree.app",1
"DrawFrames 12170039",53015853839859,72473042,16871,"RenderThread",0
"IntBufferBatchMountItem::mountViews",53015858711317,516375,16838,"oelseisfree.app",1
"postAndWait",53015860703859,66170917,16838,"oelseisfree.app",1
"DrawFrames 12170047",53015926324151,26615083,16871,"RenderThread",0
"IntBufferBatchMountItem::mountViews",53015930828567,483542,16838,"oelseisfree.app",1
"postAndWait",53015931738026,28122791,16838,"oelseisfree.app",1
"DrawFrames 12170055",53015952954859,23762917,16871,"RenderThread",0
"IntBufferBatchMountItem::mountViews",53016058016401,64400375,16838,"oelseisfree.app",1
"IntBufferBatchMountItem::mountViews",53016122438817,978334,16838,"oelseisfree.app",1
"IntBufferBatchMountItem::mountViews",53016123422484,1026042,16838,"oelseisfree.app",1
"postAndWait",53016139107567,4401334,16838,"oelseisfree.app",1
"DrawFrames 12170108",53016140121817,9928292,16871,"RenderThread",0
"postAndWait",53016166744942,8523834,16838,"oelseisfree.app",1
"DrawFrames 12170131",53016166759567,13037500,16871,"RenderThread",0
"IntBufferBatchMountItem::mountViews",53016237349192,5745250,16838,"oelseisfree.app",1
"postAndWait",53016243819317,8534334,16838,"oelseisfree.app",1
"DrawFrames 12170189",53016243833942,5589000,16871,"RenderThread",0
"IntBufferBatchMountItem::mountViews",53016327963109,1824625,16838,"oelseisfree.app",1
"postAndWait",53016330309484,3034792,16838,"oelseisfree.app",1
"DrawFrames 12170241",53016331028568,4650583,16871,"RenderThread",0
"postAndWait",53017096122818,5228583,16838,"oelseisfree.app",1
"DrawFrames 12170566",53017097782193,9294417,16871,"RenderThread",0
"IntBufferBatchMountItem::mountViews",53017259502318,35204542,16838,"oelseisfree.app",1
"postAndWait",53017315818610,6799166,16838,"oelseisfree.app",1
"DrawFrames 12170638",53017316575735,27069250,16871,"RenderThread",0
"[ExpoImage] onResourceReady",53017322756193,561542,16838,"oelseisfree.app",1
"[ExpoImage] onResourceReady",53017323326443,96250,16838,"oelseisfree.app",1
"IntBufferBatchMountItem::mountViews",53017328841110,11620958,16838,"oelseisfree.app",1
"IntBufferBatchMountItem::mountViews",53017340487735,2473541,16838,"oelseisfree.app",1
"IntBufferBatchMountItem::mountViews",53017342970651,2128084,16838,"oelseisfree.app",1
"IntBufferBatchMountItem::mountViews",53017345155026,864000,16838,"oelseisfree.app",1
"IntBufferBatchMountItem::mountViews",53017346025360,194583,16838,"oelseisfree.app",1
"postAndWait",53017349549860,6532625,16838,"oelseisfree.app",1
"DrawFrames 12170645",53017351261401,12956584,16871,"RenderThread",0
"IntBufferBatchMountItem::mountViews",53017393241360,2678125,16838,"oelseisfree.app",1
"postAndWait",53017397251235,6270333,16838,"oelseisfree.app",1
"DrawFrames 12170728",53017402213068,19614250,16871,"RenderThread",0
"[ExpoImage] onResourceReady",53017435390276,16312959,16838,"oelseisfree.app",1
"postAndWait",53017453419151,1820917,16838,"oelseisfree.app",1
"DrawFrames 12170759",53017454677276,541667,16871,"RenderThread",0
"postAndWait",53017459578318,10608167,16838,"oelseisfree.app",1
"DrawFrames 12170767",53017469053568,575500,16871,"RenderThread",0
"IntBufferBatchMountItem::mountViews",53017477511776,7977084,16838,"oelseisfree.app",1
"postAndWait",53017489734860,2036916,16838,"oelseisfree.app",1
"DrawFrames 12170775",53017490129860,8724791,16871,"RenderThread",0
"IntBufferBatchMountItem::mountViews",53017499158193,4281875,16838,"oelseisfree.app",1
"postAndWait",53017504143693,11921708,16838,"oelseisfree.app",1
"DrawFrames 12170789",53017504160485,24475250,16871,"RenderThread",0
"IntBufferBatchMountItem::mountViews",53017524878693,761458,16838,"oelseisfree.app",1
"postAndWait",53017526117693,3267917,16838,"oelseisfree.app",1
"DrawFrames 12170797",53017528654235,91977291,16871,"RenderThread",0
"IntBufferBatchMountItem::mountViews",53017530563901,657959,16838,"oelseisfree.app",1
"postAndWait",53017531571901,94210417,16838,"oelseisfree.app",1
"DrawFrames 12170805",53017620648776,83202209,16871,"RenderThread",0
"IntBufferBatchMountItem::mountViews",53017645777235,670250,16838,"oelseisfree.app",1
"postAndWait",53017647034276,59773917,16838,"oelseisfree.app",1
"DrawFrames 12170813",53017703865943,45539334,16871,"RenderThread",0
"IntBufferBatchMountItem::mountViews",53017710154860,1579875,16838,"oelseisfree.app",1
"postAndWait",53017713194985,36830375,16838,"oelseisfree.app",1
"DrawFrames 12170822",53017749415485,55627208,16871,"RenderThread",0
"IntBufferBatchMountItem::mountViews",53017750236985,6921167,16838,"oelseisfree.app",1
"IntBufferBatchMountItem::mountViews",53017757896735,220083,16838,"oelseisfree.app",1
"postAndWait",53017758642193,49268667,16838,"oelseisfree.app",1
"DrawFrames 12170830",53017805052693,62234959,16871,"RenderThread",0
"IntBufferBatchMountItem::mountViews",53017809730402,319875,16838,"oelseisfree.app",1
"postAndWait",53017815448193,52468459,16838,"oelseisfree.app",1
"DrawFrames 12170838",53017867299402,64229208,16871,"RenderThread",0
"IntBufferBatchMountItem::mountViews",53017871254235,389333,16838,"oelseisfree.app",1
"postAndWait",53017871846568,62080292,16838,"oelseisfree.app",1
"DrawFrames 12170846",53017931540318,55393250,16871,"RenderThread",0
"IntBufferBatchMountItem::mountViews",53017936462860,786167,16838,"oelseisfree.app",1
"postAndWait",53017937672152,50147416,16838,"oelseisfree.app",1
"DrawFrames 12170854",53017987073610,88591167,16871,"RenderThread",0
"IntBufferBatchMountItem::mountViews",53017989051027,502041,16838,"oelseisfree.app",1
"postAndWait",53017989867152,87689625,16838,"oelseisfree.app",1
"DrawFrames 12170862",53018075690027,79155541,16871,"RenderThread",0
"IntBufferBatchMountItem::mountViews",53018167008193,15965167,16838,"oelseisfree.app",1
"postAndWait",53018189314943,3236542,16838,"oelseisfree.app",1
"DrawFrames 12170886",53018189334318,24165584,16871,"RenderThread",0
"IntBufferBatchMountItem::mountViews",53018199641735,5764542,16838,"oelseisfree.app",1
"postAndWait",53018208524068,13280084,16838,"oelseisfree.app",1
"DrawFrames 12170893",53018213528235,54044125,16871,"RenderThread",0
"IntBufferBatchMountItem::mountViews",53018825003694,6224041,16838,"oelseisfree.app",1
"postAndWait",53018832633735,657542,16838,"oelseisfree.app",1
"DrawFrames 12171156",53018832649235,7672750,16871,"RenderThread",0
"[ExpoImage] onResourceReady",53018833345194,368791,16838,"oelseisfree.app",1
"IntBufferBatchMountItem::mountViews",53018850856944,672666,16838,"oelseisfree.app",1
"postAndWait",53018852133860,4466459,16838,"oelseisfree.app",1
"DrawFrames 12171164",53018852149110,13000167,16871,"RenderThread",0
"IntBufferBatchMountItem::mountViews",53018891489194,2290916,16838,"oelseisfree.app",1
"postAndWait",53018894986860,911709,16838,"oelseisfree.app",1
"DrawFrames 12171186",53018895247652,2453250,16871,"RenderThread",0
"IntBufferBatchMountItem::mountViews",53018911341110,950084,16838,"oelseisfree.app",1
"postAndWait",53018912705652,6070917,16838,"oelseisfree.app",1
"DrawFrames 12171194",53018917782985,7076500,16871,"RenderThread",0
"IntBufferBatchMountItem::mountViews",53018925791069,848125,16838,"oelseisfree.app",1
"postAndWait",53018927262527,4252208,16838,"oelseisfree.app",1
"DrawFrames 12171201",53018927677819,53888041,16871,"RenderThread",0
"IntBufferBatchMountItem::mountViews",53018951638819,325000,16838,"oelseisfree.app",1
"postAndWait",53018952295319,30146375,16838,"oelseisfree.app",1
"DrawFrames 12171209",53018981579777,144755500,16871,"RenderThread",0
"IntBufferBatchMountItem::mountViews",53018983450027,317083,16838,"oelseisfree.app",1
"postAndWait",53018983979569,143716167,16838,"oelseisfree.app",1
"DrawFrames 12171216",53019126354694,12886667,16871,"RenderThread",0
"IntBufferBatchMountItem::mountViews",53019131332319,751583,16838,"oelseisfree.app",1
"postAndWait",53019132455027,8954917,16838,"oelseisfree.app",1
"DrawFrames 12171224",53019139253152,66910750,16871,"RenderThread",0
"IntBufferBatchMountItem::mountViews",53019146705777,954250,16838,"oelseisfree.app",1
"postAndWait",53019148337944,62818250,16838,"oelseisfree.app",1
"DrawFrames 12171240",53019206197486,65084875,16871,"RenderThread",0
"IntBufferBatchMountItem::mountViews",53019218875194,2000542,16838,"oelseisfree.app",1
"postAndWait",53019221751069,60213583,16838,"oelseisfree.app",1
"DrawFrames 12171247",53019271298027,84001209,16871,"RenderThread",0
"IntBufferBatchMountItem::mountViews",53019306301319,10697042,16838,"oelseisfree.app",1
"postAndWait",53019317911777,38979250,16838,"oelseisfree.app",1
"DrawFrames 12171255",53019355329861,26389916,16871,"RenderThread",0
"IntBufferBatchMountItem::mountViews",53019365058611,1458583,16838,"oelseisfree.app",1
"postAndWait",53019367486736,15086291,16838,"oelseisfree.app",1
"DrawFrames 12171263",53019381743569,31447833,16871,"RenderThread",0
"IntBufferBatchMountItem::mountViews",53019538703444,37970458,16838,"oelseisfree.app",1
"postAndWait",53019588664361,6095416,16838,"oelseisfree.app",1
"DrawFrames 12171336",53019588695152,30716917,16871,"RenderThread",0
"IntBufferBatchMountItem::mountViews",53019607248152,1482084,16838,"oelseisfree.app",1
"IntBufferBatchMountItem::mountViews",53019608737444,5199875,16838,"oelseisfree.app",1
"postAndWait",53019614770236,5800166,16838,"oelseisfree.app",1
"DrawFrames 12171343",53019619966611,16790791,16871,"RenderThread",0
"IntBufferBatchMountItem::mountViews",53019760360236,1277416,16838,"oelseisfree.app",1
"postAndWait",53019762090777,1663584,16838,"oelseisfree.app",1
"DrawFrames 12171453",53019763089236,7199916,16871,"RenderThread",0
"postAndWait",53020509228361,2161584,16838,"oelseisfree.app",1
"DrawFrames 12171802",53020510322361,2625917,16871,"RenderThread",0
"IntBufferBatchMountItem::mountViews",53020693354945,21024125,16838,"oelseisfree.app",1
"postAndWait",53020726935195,31747583,16838,"oelseisfree.app",1
"DrawFrames 12171889",53020726946820,40766208,16871,"RenderThread",0
"[ExpoImage] onResourceReady",53020758834486,968584,16838,"oelseisfree.app",1
"[ExpoImage] onResourceReady",53020759818028,132667,16838,"oelseisfree.app",1
"IntBufferBatchMountItem::mountViews",53020762903028,2689708,16838,"oelseisfree.app",1
"IntBufferBatchMountItem::mountViews",53020765607736,7071584,16838,"oelseisfree.app",1
"IntBufferBatchMountItem::mountViews",53020772708570,766458,16838,"oelseisfree.app",1
"IntBufferBatchMountItem::mountViews",53020773479403,1152083,16838,"oelseisfree.app",1
"IntBufferBatchMountItem::mountViews",53020774635986,206709,16838,"oelseisfree.app",1
"IntBufferBatchMountItem::mountViews",53020777233778,267667,16838,"oelseisfree.app",1
"postAndWait",53020783333528,2215083,16838,"oelseisfree.app",1
"DrawFrames 12171911",53020783373986,21814709,16871,"RenderThread",0
"IntBufferBatchMountItem::mountViews",53020841550903,2277833,16838,"oelseisfree.app",1
"postAndWait",53020845453320,2502458,16838,"oelseisfree.app",1
"DrawFrames 12172001",53020845464945,3518791,16871,"RenderThread",0
"IntBufferBatchMountItem::mountViews",53020877306195,1350583,16838,"oelseisfree.app",1
"postAndWait",53020879070986,9826792,16838,"oelseisfree.app",1
"DrawFrames 12172009",53020879089653,20586500,16871,"RenderThread",0
"IntBufferBatchMountItem::mountViews",53020891313778,488000,16838,"oelseisfree.app",1
"postAndWait",53020892146736,8514334,16838,"oelseisfree.app",1
"DrawFrames 12172024",53020899687236,97243042,16871,"RenderThread",0
"IntBufferBatchMountItem::mountViews",53020901726070,449875,16838,"oelseisfree.app",1
"postAndWait",53020902406028,104783167,16838,"oelseisfree.app",1
"DrawFrames 12172031",53020996942736,70981125,16871,"RenderThread",0
"IntBufferBatchMountItem::mountViews",53021017174278,1121958,16838,"oelseisfree.app",1
"postAndWait",53021019332778,63131750,16838,"oelseisfree.app",1
"DrawFrames 12172039",53021067952570,80992958,16871,"RenderThread",0
"IntBufferBatchMountItem::mountViews",53021086616611,13079084,16838,"oelseisfree.app",1
"postAndWait",53021104638611,47587250,16838,"oelseisfree.app",1
"DrawFrames 12172048",53021148987403,59129375,16871,"RenderThread",0
"IntBufferBatchMountItem::mountViews",53021153977361,562750,16838,"oelseisfree.app",1
"postAndWait",53021155318070,55875458,16838,"oelseisfree.app",1
"DrawFrames 12172056",53021208128862,76805583,16871,"RenderThread",0
"IntBufferBatchMountItem::mountViews",53021213582570,455625,16838,"oelseisfree.app",1
"postAndWait",53021214288903,71225959,16838,"oelseisfree.app",1
"DrawFrames 12172064",53021284948695,68393125,16871,"RenderThread",0
"IntBufferBatchMountItem::mountViews",53021299770570,723208,16838,"oelseisfree.app",1
"postAndWait",53021302265612,53639833,16838,"oelseisfree.app",1
"DrawFrames 12172072",53021353356570,68634958,16871,"RenderThread",0
"IntBufferBatchMountItem::mountViews",53021359224653,1911167,16838,"oelseisfree.app",1
"postAndWait",53021361381528,66090667,16838,"oelseisfree.app",1
"DrawFrames 12172080",53021422002862,67661375,16871,"RenderThread",0
"IntBufferBatchMountItem::mountViews",53021427827778,10380000,16838,"oelseisfree.app",1
"postAndWait",53021473193320,31111875,16838,"oelseisfree.app",1
"DrawFrames 12172088",53021489678737,63450416,16871,"RenderThread",0
"IntBufferBatchMountItem::mountViews",53021521999070,8998625,16838,"oelseisfree.app",1
"IntBufferBatchMountItem::mountViews",53021531015528,223542,16838,"oelseisfree.app",1
"postAndWait",53021534942653,61472834,16838,"oelseisfree.app",1
"DrawFrames 12172104",53021553140528,71066917,16871,"RenderThread",0
"[ExpoImage] onResourceReady",53021609602862,6075250,16838,"oelseisfree.app",1
"postAndWait",53021621506945,19211208,16838,"oelseisfree.app",1
"DrawFrames 12172119",53021624464570,27042417,16871,"RenderThread",0
"postAndWait",53021651150403,5712000,16838,"oelseisfree.app",1
"DrawFrames 12172127",53021651522445,25050458,16871,"RenderThread",0
"postAndWait",53021681384320,4491625,16838,"oelseisfree.app",1
"DrawFrames 12172136",53021681777570,27962167,16871,"RenderThread",0
"postAndWait",53021707132903,3332250,16838,"oelseisfree.app",1
"DrawFrames 12172143",53021709756987,21097875,16871,"RenderThread",0
"postAndWait",53021713895070,20375750,16838,"oelseisfree.app",1
"DrawFrames 12172151",53021730863528,24160959,16871,"RenderThread",0
"postAndWait",53021740920612,14752500,16838,"oelseisfree.app",1
"DrawFrames 12172159",53021755146778,22434334,16871,"RenderThread",0
"postAndWait",53021757665112,20413291,16838,"oelseisfree.app",1
"DrawFrames 12172167",53021777588403,40428750,16871,"RenderThread",0
"postAndWait",53021779950778,45228500,16838,"oelseisfree.app",1
"DrawFrames 12172175",53021818161987,17781125,16871,"RenderThread",0
"postAndWait",53021830763737,6087625,16838,"oelseisfree.app",1
"DrawFrames 12172183",53021835950987,26462458,16871,"RenderThread",0
"IntBufferBatchMountItem::mountViews",53022310291320,2811334,16838,"oelseisfree.app",1
"postAndWait",53022314376112,590167,16838,"oelseisfree.app",1
"DrawFrames 12172389",53022314501237,3198083,16871,"RenderThread",0
"[ExpoImage] onResourceReady",53022315081612,297792,16838,"oelseisfree.app",1
"IntBufferBatchMountItem::mountViews",53022316447862,138000,16838,"oelseisfree.app",1
"postAndWait",53022326395820,7968875,16838,"oelseisfree.app",1
"DrawFrames 12172397",53022332481904,6155458,16871,"RenderThread",0
"IntBufferBatchMountItem::mountViews",53022365104154,2685750,16838,"oelseisfree.app",1
"postAndWait",53022368498820,806125,16838,"oelseisfree.app",1
"DrawFrames 12172412",53022368624487,2181708,16871,"RenderThread",0
"IntBufferBatchMountItem::mountViews",53022389794362,1014917,16838,"oelseisfree.app",1
"postAndWait",53022391426570,1044792,16838,"oelseisfree.app",1
"DrawFrames 12172420",53022391664070,7095209,16871,"RenderThread",0
"IntBufferBatchMountItem::mountViews",53022393371904,303250,16838,"oelseisfree.app",1
"postAndWait",53022393832404,5772666,16838,"oelseisfree.app",1
"DrawFrames 12172427",53022398774945,131938000,16871,"RenderThread",0
"IntBufferBatchMountItem::mountViews",53022431207695,2357875,16838,"oelseisfree.app",1
"postAndWait",53022434375487,99812500,16838,"oelseisfree.app",1
"DrawFrames 12172435",53022530876862,73053500,16871,"RenderThread",0
"IntBufferBatchMountItem::mountViews",53022537043529,427416,16838,"oelseisfree.app",1
"postAndWait",53022537871904,68539500,16838,"oelseisfree.app",1
"DrawFrames 12172442",53022604310946,74404166,16871,"RenderThread",0
"IntBufferBatchMountItem::mountViews",53022625700321,11095666,16838,"oelseisfree.app",1
"postAndWait",53022637436404,43530167,16838,"oelseisfree.app",1
"DrawFrames 12172450",53022678746696,66393583,16871,"RenderThread",0
"IntBufferBatchMountItem::mountViews",53022696663071,8640583,16838,"oelseisfree.app",1
"postAndWait",53022705776529,45439583,16838,"oelseisfree.app",1
"DrawFrames 12172458",53022745167071,73583083,16871,"RenderThread",0
"IntBufferBatchMountItem::mountViews",53022823109737,4117125,16838,"oelseisfree.app",1
"postAndWait",53022828485237,6570875,16838,"oelseisfree.app",1
"DrawFrames 12172466",53022832189654,50798500,16871,"RenderThread",0
"IntBufferBatchMountItem::mountViews",53022855926362,1421334,16838,"oelseisfree.app",1
"postAndWait",53022858108404,25834833,16838,"oelseisfree.app",1
"DrawFrames 12172474",53022883009904,42731625,16871,"RenderThread",0
"IntBufferBatchMountItem::mountViews",53023074804987,12537959,16838,"oelseisfree.app",1
"postAndWait",53023117950946,7863500,16838,"oelseisfree.app",1
"DrawFrames 12172568",53023120761571,44767666,16871,"RenderThread",0
"IntBufferBatchMountItem::mountViews",53023138799862,16241292,16838,"oelseisfree.app",1
"postAndWait",53023162625737,33050834,16838,"oelseisfree.app",1
"DrawFrames 12172575",53023190193862,29111750,16871,"RenderThread",0
"IntBufferBatchMountItem::mountViews",53023458255363,6999833,16838,"oelseisfree.app",1
"postAndWait",53023466103446,5067667,16838,"oelseisfree.app",1
"DrawFrames 12172763",53023466288821,7574458,16871,"RenderThread",0
"postAndWait",53024080914821,2776875,16838,"oelseisfree.app",1
"DrawFrames 12173024",53024080937655,3182250,16871,"RenderThread",0
"IntBufferBatchMountItem::mountViews",53024292225321,22738125,16838,"oelseisfree.app",1
"postAndWait",53024363223071,3224084,16838,"oelseisfree.app",1
"DrawFrames 12173125",53024363334321,47197667,16871,"RenderThread",0
"[ExpoImage] onResourceReady",53024366549113,445667,16838,"oelseisfree.app",1
"[ExpoImage] onResourceReady",53024367002655,100458,16838,"oelseisfree.app",1
"IntBufferBatchMountItem::mountViews",53024400453446,6744292,16838,"oelseisfree.app",1
"IntBufferBatchMountItem::mountViews",53024407213696,48542,16838,"oelseisfree.app",1
"postAndWait",53024414701030,4750083,16838,"oelseisfree.app",1
"DrawFrames 12173147",53024414886030,25205750,16871,"RenderThread",0
"[ExpoImage] onResourceReady",53024440292280,600833,16838,"oelseisfree.app",1
"postAndWait",53024443420280,1059791,16838,"oelseisfree.app",1
"DrawFrames 12173192",53024443440155,1031458,16871,"RenderThread",0
"IntBufferBatchMountItem::mountViews",53024459252905,14537958,16838,"oelseisfree.app",1
"IntBufferBatchMountItem::mountViews",53024473801696,3877959,16838,"oelseisfree.app",1
"postAndWait",53024488371530,2342666,16838,"oelseisfree.app",1
"DrawFrames 12173224",53024490139780,32195583,16871,"RenderThread",0
"IntBufferBatchMountItem::mountViews",53024503065196,1875417,16838,"oelseisfree.app",1
"postAndWait",53024505428363,17724625,16838,"oelseisfree.app",1
"DrawFrames 12173239",53024522347030,38624666,16871,"RenderThread",0
"IntBufferBatchMountItem::mountViews",53024523288030,8323625,16838,"oelseisfree.app",1
"IntBufferBatchMountItem::mountViews",53024540924405,2542458,16838,"oelseisfree.app",1
"postAndWait",53024545017905,23926750,16838,"oelseisfree.app",1
"DrawFrames 12173248",53024560996071,33162125,16871,"RenderThread",0
"IntBufferBatchMountItem::mountViews",53024574064280,1082875,16838,"oelseisfree.app",1
"IntBufferBatchMountItem::mountViews",53024578052530,482583,16838,"oelseisfree.app",1
"postAndWait",53024578993238,15829417,16838,"oelseisfree.app",1
"DrawFrames 12173256",53024594172113,47428583,16871,"RenderThread",0
"IntBufferBatchMountItem::mountViews",53024613426571,1358292,16838,"oelseisfree.app",1
"postAndWait",53024615213363,32229875,16838,"oelseisfree.app",1
"DrawFrames 12173267",53024641638571,151152917,16871,"RenderThread",0
"IntBufferBatchMountItem::mountViews",53024657045238,13664000,16838,"oelseisfree.app",1
"postAndWait",53024677065447,126033416,16838,"oelseisfree.app",1
"DrawFrames 12173275",53024792917113,39259459,16871,"RenderThread",0
"IntBufferBatchMountItem::mountViews",53024877421530,15497375,16838,"oelseisfree.app",1
"postAndWait",53024908564405,3519667,16838,"oelseisfree.app",1
"DrawFrames 12173329",53024908589238,9730209,16871,"RenderThread",0
"IntBufferBatchMountItem::mountViews",53024917891280,6562667,16838,"oelseisfree.app",1
"postAndWait",53024925110822,6227750,16838,"oelseisfree.app",1
"DrawFrames 12173336",53024925989988,79380375,16871,"RenderThread",0
"IntBufferBatchMountItem::mountViews",53024934564780,1111708,16838,"oelseisfree.app",1
"postAndWait",53024950690572,55381625,16838,"oelseisfree.app",1
"DrawFrames 12173344",53025005383072,87460625,16871,"RenderThread",0
"IntBufferBatchMountItem::mountViews",53025007539322,1862208,16838,"oelseisfree.app",1
"postAndWait",53025009683780,84299125,16838,"oelseisfree.app",1
"DrawFrames 12173351",53025092860363,79518792,16871,"RenderThread",0
"IntBufferBatchMountItem::mountViews",53025112950697,419708,16838,"oelseisfree.app",1
"postAndWait",53025113611238,59370542,16838,"oelseisfree.app",1
"DrawFrames 12173359",53025172393155,64211708,16871,"RenderThread",0
"IntBufferBatchMountItem::mountViews",53025173544405,29331833,16838,"oelseisfree.app",1
"postAndWait",53025223469447,15011791,16838,"oelseisfree.app",1
"DrawFrames 12173367",53025236726697,52342916,16871,"RenderThread",0
"IntBufferBatchMountItem::mountViews",53025245641822,176750,16838,"oelseisfree.app",1
"postAndWait",53025267326030,24124333,16838,"oelseisfree.app",1
"DrawFrames 12173375",53025289088030,57536708,16871,"RenderThread",0
"IntBufferBatchMountItem::mountViews",53025908216322,6151958,16838,"oelseisfree.app",1
"postAndWait",53025915349822,777083,16838,"oelseisfree.app",1
"DrawFrames 12173645",53025915442780,2754375,16871,"RenderThread",0
"[ExpoImage] onResourceReady",53025916197364,279416,16838,"oelseisfree.app",1
"IntBufferBatchMountItem::mountViews",53025927549697,755333,16838,"oelseisfree.app",1
"postAndWait",53025929184822,7915500,16838,"oelseisfree.app",1
"DrawFrames 12173653",53025936645239,1853916,16871,"RenderThread",0
"IntBufferBatchMountItem::mountViews",53025960085364,2365708,16838,"oelseisfree.app",1
"postAndWait",53025963216989,618916,16838,"oelseisfree.app",1
"DrawFrames 12173668",53025963322739,2133750,16871,"RenderThread",0
"IntBufferBatchMountItem::mountViews",53025978855447,750125,16838,"oelseisfree.app",1
"postAndWait",53025979927697,3611417,16838,"oelseisfree.app",1
"DrawFrames 12173676",53025981476989,7978125,16871,"RenderThread",0
"IntBufferBatchMountItem::mountViews",53025992903822,322000,16838,"oelseisfree.app",1
"postAndWait",53025993379114,1036416,16838,"oelseisfree.app",1
"DrawFrames 12173684",53025993493405,58745209,16871,"RenderThread",0
"IntBufferBatchMountItem::mountViews",53026021110072,306500,16838,"oelseisfree.app",1
"postAndWait",53026021592405,31295542,16838,"oelseisfree.app",1
"DrawFrames 12173691",53026052249364,65455083,16871,"RenderThread",0
"IntBufferBatchMountItem::mountViews",53026056521197,741917,16838,"oelseisfree.app",1
"postAndWait",53026057900530,60369417,16838,"oelseisfree.app",1
"DrawFrames 12173698",53026117719406,74594166,16871,"RenderThread",0
"IntBufferBatchMountItem::mountViews",53026119097906,298375,16838,"oelseisfree.app",1
"postAndWait",53026119571781,75420666,16838,"oelseisfree.app",1
"DrawFrames 12173706",53026192353239,58073875,16871,"RenderThread",0
"IntBufferBatchMountItem::mountViews",53026197880822,780917,16838,"oelseisfree.app",1
"postAndWait",53026199014906,52619875,16838,"oelseisfree.app",1
"DrawFrames 12173714",53026250471197,52451584,16871,"RenderThread",0
"IntBufferBatchMountItem::mountViews",53026252889447,6270417,16838,"oelseisfree.app",1
"postAndWait",53026259604739,52674583,16838,"oelseisfree.app",1
"DrawFrames 12173722",53026302961114,58967958,16871,"RenderThread",0
"IntBufferBatchMountItem::mountViews",53026313864822,362167,16838,"oelseisfree.app",1
"postAndWait",53026314435614,48114833,16838,"oelseisfree.app",1
"DrawFrames 12173730",53026361943989,15111167,16871,"RenderThread",0
"IntBufferBatchMountItem::mountViews",53026365016739,449250,16838,"oelseisfree.app",1
"postAndWait",53026365730614,18476042,16838,"oelseisfree.app",1
"DrawFrames 12173738",53026377082197,19598167,16871,"RenderThread",0
"IntBufferBatchMountItem::mountViews",53026386987156,590958,16838,"oelseisfree.app",1
"postAndWait",53026387908031,14603375,16838,"oelseisfree.app",1
"DrawFrames 12173746",53026396694072,33781250,16871,"RenderThread",0
"IntBufferBatchMountItem::mountViews",53026541957281,42467791,16838,"oelseisfree.app",1
"postAndWait",53026639974156,16271000,16838,"oelseisfree.app",1
"DrawFrames 12173821",53026640057489,30868208,16871,"RenderThread",0
"IntBufferBatchMountItem::mountViews",53026705535239,2636792,16838,"oelseisfree.app",1
"postAndWait",53026709047156,4291708,16838,"oelseisfree.app",1
"DrawFrames 12173828",53026709058406,41450416,16871,"RenderThread",0
"IntBufferBatchMountItem::mountViews",53027096536114,2172750,16838,"oelseisfree.app",1
"postAndWait",53027105901948,5400625,16838,"oelseisfree.app",1
"DrawFrames 12174027",53027106049948,12877958,16871,"RenderThread",0
"postAndWait",53027662944740,1925666,16838,"oelseisfree.app",1
"DrawFrames 12174268",53027662968448,2898000,16871,"RenderThread",0
"IntBufferBatchMountItem::mountViews",53027828430281,17787500,16838,"oelseisfree.app",1
"postAndWait",53027862541323,1436167,16838,"oelseisfree.app",1
"DrawFrames 12174340",53027862672906,3373959,16871,"RenderThread",0
"[ExpoImage] onResourceReady",53027864167448,327667,16838,"oelseisfree.app",1
"[ExpoImage] onResourceReady",53027864503656,88417,16838,"oelseisfree.app",1
"IntBufferBatchMountItem::mountViews",53027865124531,2165584,16838,"oelseisfree.app",1
"IntBufferBatchMountItem::mountViews",53027867299406,566000,16838,"oelseisfree.app",1
"IntBufferBatchMountItem::mountViews",53027867870031,656917,16838,"oelseisfree.app",1
"IntBufferBatchMountItem::mountViews",53027868534448,1617625,16838,"oelseisfree.app",1
"IntBufferBatchMountItem::mountViews",53027870878448,66208,16838,"oelseisfree.app",1
"postAndWait",53027871442615,527333,16838,"oelseisfree.app",1
"DrawFrames 12174347",53027871532406,29320209,16871,"RenderThread",0
"IntBufferBatchMountItem::mountViews",53027874120781,173750,16838,"oelseisfree.app",1
"IntBufferBatchMountItem::mountViews",53027877248656,95959,16838,"oelseisfree.app",1
"IntBufferBatchMountItem::mountViews",53027877630531,34125,16838,"oelseisfree.app",1
"postAndWait",53027877848031,23870459,16838,"oelseisfree.app",1
"DrawFrames 12174370",53027900866073,10808542,16871,"RenderThread",0
"IntBufferBatchMountItem::mountViews",53027902345906,122459,16838,"oelseisfree.app",1
"postAndWait",53027902589740,21875958,16838,"oelseisfree.app",1
"DrawFrames 12174392",53027911683156,19030667,16871,"RenderThread",0
"[ExpoImage] onResourceReady",53027926303865,1348541,16838,"oelseisfree.app",1
"postAndWait",53027941682490,392625,16838,"oelseisfree.app",1
"DrawFrames 12174430",53027941696573,420917,16871,"RenderThread",0
"IntBufferBatchMountItem::mountViews",53027958116615,1821708,16838,"oelseisfree.app",1
"postAndWait",53027968350365,4279791,16838,"oelseisfree.app",1
"DrawFrames 12174445",53027968363115,4254583,16871,"RenderThread",0
"IntBufferBatchMountItem::mountViews",53027976658073,643083,16838,"oelseisfree.app",1
"postAndWait",53027977610281,5689084,16838,"oelseisfree.app",1
"DrawFrames 12174460",53027977619865,34929791,16871,"RenderThread",0
"IntBufferBatchMountItem::mountViews",53027992497698,337583,16838,"oelseisfree.app",1
"postAndWait",53027993084490,19903208,16838,"oelseisfree.app",1
"DrawFrames 12174475",53028012562823,76911458,16871,"RenderThread",0
"IntBufferBatchMountItem::mountViews",53028013969406,497042,16838,"oelseisfree.app",1
"postAndWait",53028014758781,76303084,16838,"oelseisfree.app",1
"DrawFrames 12174483",53028089489281,75680959,16871,"RenderThread",0
"IntBufferBatchMountItem::mountViews",53028101044031,4210792,16838,"oelseisfree.app",1
"postAndWait",53028105599656,70614834,16838,"oelseisfree.app",1
"DrawFrames 12174498",53028165196781,70037126,16871,"RenderThread",0
"IntBufferBatchMountItem::mountViews",53028190500907,810625,16838,"oelseisfree.app",1
"postAndWait",53028192130740,43594333,16838,"oelseisfree.app",1
"DrawFrames 12174508",53028235246865,77665458,16871,"RenderThread",0
"IntBufferBatchMountItem::mountViews",53028237488365,3052250,16838,"oelseisfree.app",1
"postAndWait",53028241155990,72358667,16838,"oelseisfree.app",1
"DrawFrames 12174525",53028312927448,90008542,16871,"RenderThread",0
"IntBufferBatchMountItem::mountViews",53028323835073,1113000,16838,"oelseisfree.app",1
"postAndWait",53028325194282,78322791,16838,"oelseisfree.app",1
"DrawFrames 12174533",53028402952948,77897792,16871,"RenderThread",0
"IntBufferBatchMountItem::mountViews",53028406624698,10618959,16838,"oelseisfree.app",1
"postAndWait",53028417925823,68191834,16838,"oelseisfree.app",1
"DrawFrames 12174544",53028480866782,82967250,16871,"RenderThread",0
"IntBufferBatchMountItem::mountViews",53028499976657,23566125,16838,"oelseisfree.app",1
"postAndWait",53028523941990,49354458,16838,"oelseisfree.app",1
"DrawFrames 12174552",53028563852782,98971541,16871,"RenderThread",0
"IntBufferBatchMountItem::mountViews",53028829640365,22273250,16838,"oelseisfree.app",1
"postAndWait",53028858925990,9174500,16838,"oelseisfree.app",1
"DrawFrames 12174653",53028858962448,20969917,16871,"RenderThread",0
"IntBufferBatchMountItem::mountViews",53028874059032,2236833,16838,"oelseisfree.app",1
"postAndWait",53028881942157,734750,16838,"oelseisfree.app",1
"DrawFrames 12174667",53028881963990,68111209,16871,"RenderThread",0
"IntBufferBatchMountItem::mountViews",53029475261990,8804750,16838,"oelseisfree.app",1
"postAndWait",53029485634657,965458,16838,"oelseisfree.app",1
"DrawFrames 12174921",53029485753324,4915125,16871,"RenderThread",0
"[ExpoImage] onResourceReady",53029486752407,574125,16838,"oelseisfree.app",1
"IntBufferBatchMountItem::mountViews",53029495243615,1010584,16838,"oelseisfree.app",1
"postAndWait",53029497229532,662500,16838,"oelseisfree.app",1
"DrawFrames 12174929",53029497281532,12978875,16871,"RenderThread",0
"IntBufferBatchMountItem::mountViews",53029541430532,1550208,16838,"oelseisfree.app",1
"postAndWait",53029543696324,881625,16838,"oelseisfree.app",1
"DrawFrames 12174951",53029544074449,2110625,16871,"RenderThread",0
"IntBufferBatchMountItem::mountViews",53029560447615,1557167,16838,"oelseisfree.app",1
"postAndWait",53029563721324,1737542,16838,"oelseisfree.app",1
"DrawFrames 12174959",53029564579157,8377209,16871,"RenderThread",0
"IntBufferBatchMountItem::mountViews",53029577833741,309666,16838,"oelseisfree.app",1
"postAndWait",53029578333407,2144375,16838,"oelseisfree.app",1
"DrawFrames 12174967",53029579586866,50969625,16871,"RenderThread",0
"IntBufferBatchMountItem::mountViews",53029596971741,261500,16838,"oelseisfree.app",1
"postAndWait",53029597374074,33901208,16838,"oelseisfree.app",1
"DrawFrames 12174974",53029630568949,55300167,16871,"RenderThread",0
"IntBufferBatchMountItem::mountViews",53029633201532,357792,16838,"oelseisfree.app",1
"postAndWait",53029633726657,57772125,16838,"oelseisfree.app",1
"DrawFrames 12174981",53029685880574,59366375,16871,"RenderThread",0
"IntBufferBatchMountItem::mountViews",53029692760657,1319542,16838,"oelseisfree.app",1
"postAndWait",53029694282032,51429084,16838,"oelseisfree.app",1
"DrawFrames 12174989",53029745256991,48510666,16871,"RenderThread",0
"IntBufferBatchMountItem::mountViews",53029746704241,249916,16838,"oelseisfree.app",1
"postAndWait",53029747100074,48315958,16838,"oelseisfree.app",1
"DrawFrames 12174997",53029793786199,45695667,16871,"RenderThread",0
"IntBufferBatchMountItem::mountViews",53029796580116,252583,16838,"oelseisfree.app",1
"postAndWait",53029796986282,42986875,16838,"oelseisfree.app",1
"DrawFrames 12175005",53029839491241,62787541,16871,"RenderThread",0
"IntBufferBatchMountItem::mountViews",53029840993824,280958,16838,"oelseisfree.app",1
"postAndWait",53029841434157,61593750,16838,"oelseisfree.app",1
"DrawFrames 12175013",53029902296699,19221417,16871,"RenderThread",0
"IntBufferBatchMountItem::mountViews",53029905070074,296875,16838,"oelseisfree.app",1
"postAndWait",53029905566241,16500625,16838,"oelseisfree.app",1
"DrawFrames 12175021",53029921529157,18448250,16871,"RenderThread",0
"IntBufferBatchMountItem::mountViews",53029922998949,946167,16838,"oelseisfree.app",1
"postAndWait",53029926445241,14199958,16838,"oelseisfree.app",1
"DrawFrames 12175029",53029939991449,21411042,16871,"RenderThread",0
"IntBufferBatchMountItem::mountViews",53029942031616,317375,16838,"oelseisfree.app",1
"postAndWait",53029942593032,21068000,16838,"oelseisfree.app",1
"DrawFrames 12175037",53029961410907,16544917,16871,"RenderThread",0
"IntBufferBatchMountItem::mountViews",53029970192407,488542,16838,"oelseisfree.app",1
"postAndWait",53029970918032,9158167,16838,"oelseisfree.app",1
"DrawFrames 12175045",53029977970032,19166542,16871,"RenderThread",0
"IntBufferBatchMountItem::mountViews",53030076328657,8852250,16838,"oelseisfree.app",1
"postAndWait",53030095787782,4898667,16838,"oelseisfree.app",1
"DrawFrames 12175098",53030098158991,13695291,16871,"RenderThread",0
"IntBufferBatchMountItem::mountViews",53030117524532,3462292,16838,"oelseisfree.app",1
"postAndWait",53030126409782,10762334,16838,"oelseisfree.app",1
"DrawFrames 12175105",53030126427824,32836750,16871,"RenderThread",0
"IntBufferBatchMountItem::mountViews",53030270545699,7415459,16838,"oelseisfree.app",1
"postAndWait",53030278561533,1878083,16838,"oelseisfree.app",1
"DrawFrames 12175240",53030278574033,1856583,16871,"RenderThread",0
"postAndWait",53030966389200,11059291,16838,"oelseisfree.app",1
"DrawFrames 12175532",53030966406658,21800125,16871,"RenderThread",0
"IntBufferBatchMountItem::mountViews",53031343684616,54270792,16838,"oelseisfree.app",1
"postAndWait",53031436683200,5511333,16838,"oelseisfree.app",1
"DrawFrames 12175689",53031436699366,12689792,16871,"RenderThread",0
"[ExpoImage] onResourceReady",53031442506408,737542,16838,"oelseisfree.app",1
"[ExpoImage] onResourceReady",53031443253200,138375,16838,"oelseisfree.app",1
"IntBufferBatchMountItem::mountViews",53031447104033,3627042,16838,"oelseisfree.app",1
"IntBufferBatchMountItem::mountViews",53031450747075,1234250,16838,"oelseisfree.app",1
"IntBufferBatchMountItem::mountViews",53031453850575,150875,16838,"oelseisfree.app",1
"postAndWait",53031455713783,487292,16838,"oelseisfree.app",1
"DrawFrames 12175696",53031455728825,17542708,16871,"RenderThread",0
"IntBufferBatchMountItem::mountViews",53031510875533,724833,16838,"oelseisfree.app",1
"IntBufferBatchMountItem::mountViews",53031511604158,5518250,16838,"oelseisfree.app",1
"postAndWait",53031517352450,3893250,16838,"oelseisfree.app",1
"DrawFrames 12175734",53031520087491,2451667,16871,"RenderThread",0
"IntBufferBatchMountItem::mountViews",53031530642658,1685917,16838,"oelseisfree.app",1
"postAndWait",53031532606116,11756584,16838,"oelseisfree.app",1
"DrawFrames 12175765",53031543471366,42864625,16871,"RenderThread",0
"[ExpoImage] onResourceReady",53031682411867,901333,16838,"oelseisfree.app",1
"postAndWait",53031692852742,807166,16838,"oelseisfree.app",1
"DrawFrames 12175863",53031693048450,593917,16871,"RenderThread",0
"postAndWait",53031712605200,842625,16838,"oelseisfree.app",1
"DrawFrames 12175870",53031712728158,693459,16871,"RenderThread",0
"postAndWait",53031728471992,1696750,16838,"oelseisfree.app",1
"DrawFrames 12175877",53031728566867,1166958,16871,"RenderThread",0
"postAndWait",53031742301700,3510417,16838,"oelseisfree.app",1
"DrawFrames 12175884",53031744538783,2033459,16871,"RenderThread",0
"postAndWait",53031758664075,419167,16838,"oelseisfree.app",1
"DrawFrames 12175891",53031758675533,400042,16871,"RenderThread",0
"postAndWait",53031785163658,571709,16838,"oelseisfree.app",1
"DrawFrames 12175898",53031785177158,548875,16871,"RenderThread",0
"postAndWait",53031797227283,11959667,16838,"oelseisfree.app",1
"DrawFrames 12175905",53031797350117,11813083,16871,"RenderThread",0
"postAndWait",53031816365742,6835583,16838,"oelseisfree.app",1
"DrawFrames 12175912",53031816688325,6613417,16871,"RenderThread",0
"postAndWait",53031831224367,6654625,16838,"oelseisfree.app",1
"DrawFrames 12175919",53031832499283,5294542,16871,"RenderThread",0
"postAndWait",53031847726325,97501125,16838,"oelseisfree.app",1
"DrawFrames 12175926",53031847896533,38226209,16871,"RenderThread",0
"postAndWait",53031950461700,7177250,16838,"oelseisfree.app",1
"DrawFrames 12175933",53031950493408,7675834,16871,"RenderThread",0
"IntBufferBatchMountItem::mountViews",53033042478409,13411458,16838,"oelseisfree.app",1
"postAndWait",53033061555242,15508417,16838,"oelseisfree.app",1
"DrawFrames 12176256",53033064275826,154752583,16871,"RenderThread",0
"IntBufferBatchMountItem::mountViews",53033092890201,1030333,16838,"oelseisfree.app",1
"postAndWait",53033095432701,124273958,16838,"oelseisfree.app",1
"DrawFrames 12176263",53033219045909,36066417,16871,"RenderThread",0
"IntBufferBatchMountItem::mountViews",53033220281034,2106458,16838,"oelseisfree.app",1
"IntBufferBatchMountItem::mountViews",53033223142367,804750,16838,"oelseisfree.app",1
"postAndWait",53033235038242,20663334,16838,"oelseisfree.app",1
"DrawFrames 12176270",53033255128451,95424125,16871,"RenderThread",0
"IntBufferBatchMountItem::mountViews",53033260509242,365834,16838,"oelseisfree.app",1
"postAndWait",53033261077242,90077667,16838,"oelseisfree.app",1
"DrawFrames 12176285",53033350570159,68248875,16871,"RenderThread",0
"IntBufferBatchMountItem::mountViews",53033352552617,377584,16838,"oelseisfree.app",1
"postAndWait",53033353145826,66194583,16838,"oelseisfree.app",1
"DrawFrames 12176293",53033418833659,120879917,16871,"RenderThread",0
"IntBufferBatchMountItem::mountViews",53033420289867,331959,16838,"oelseisfree.app",1
"postAndWait",53033420868326,120497750,16838,"oelseisfree.app",1
"DrawFrames 12176301",53033539744409,81867583,16871,"RenderThread",0
"IntBufferBatchMountItem::mountViews",53033544444451,24146041,16838,"oelseisfree.app",1
"IntBufferBatchMountItem::mountViews",53033568696117,488417,16838,"oelseisfree.app",1
"IntBufferBatchMountItem::mountViews",53033571157992,151500,16838,"oelseisfree.app",1
"postAndWait",53033588284034,34431250,16838,"oelseisfree.app",1
"DrawFrames 12176309",53033621627826,95030750,16871,"RenderThread",0
"IntBufferBatchMountItem::mountViews",53036341475535,8128250,16838,"oelseisfree.app",1
"postAndWait",53036363166327,11292208,16838,"oelseisfree.app",1
"DrawFrames 12177478",53036363314035,27800084,16871,"RenderThread",0
"IntBufferBatchMountItem::mountViews",53036458247785,1615000,16838,"oelseisfree.app",1
"postAndWait",53036461820244,877708,16838,"oelseisfree.app",1
"DrawFrames 12177522",53036461963119,7407083,16871,"RenderThread",0
"IntBufferBatchMountItem::mountViews",53037042384161,3234208,16838,"oelseisfree.app",1
"postAndWait",53037053566286,2422333,16838,"oelseisfree.app",1
"DrawFrames 12177768",53037053594744,5233833,16871,"RenderThread",0
"IntBufferBatchMountItem::mountViews",53037075521411,17879458,16838,"oelseisfree.app",1
"IntBufferBatchMountItem::mountViews",53037093418952,782417,16838,"oelseisfree.app",1
"postAndWait",53037102233286,961333,16838,"oelseisfree.app",1
"DrawFrames 12177783",53037102338619,7081167,16871,"RenderThread",0
"postAndWait",53037138106911,1281666,16838,"oelseisfree.app",1
"DrawFrames 12177790",53037138315994,81047042,16871,"RenderThread",0
"IntBufferBatchMountItem::mountViews",53037165327619,2491042,16838,"oelseisfree.app",1
"postAndWait",53037170187661,50397291,16838,"oelseisfree.app",1
"DrawFrames 12177797",53037219373536,39239667,16871,"RenderThread",0
"IntBufferBatchMountItem::mountViews",53037222157369,6914833,16838,"oelseisfree.app",1
"IntBufferBatchMountItem::mountViews",53037229083452,2623292,16838,"oelseisfree.app",1
"postAndWait",53037236709536,24671250,16838,"oelseisfree.app",1
"DrawFrames 12177805",53037258634286,41359542,16871,"RenderThread",0
"postAndWait",53037263701703,37357416,16838,"oelseisfree.app",1
"DrawFrames 12177813",53037300350619,35461459,16871,"RenderThread",0
"IntBufferBatchMountItem::mountViews",53037301231078,2022125,16838,"oelseisfree.app",1
"postAndWait",53037310542453,29534250,16838,"oelseisfree.app",1
"DrawFrames 12177821",53037335824119,33188917,16871,"RenderThread",0
"postAndWait",53037346756119,24041917,16838,"oelseisfree.app",1
"DrawFrames 12177829",53037369025494,33646167,16871,"RenderThread",0
"IntBufferBatchMountItem::mountViews",53037371771786,2253917,16838,"oelseisfree.app",1
"postAndWait",53037375451161,28380333,16838,"oelseisfree.app",1
"DrawFrames 12177837",53037402681328,28911791,16871,"RenderThread",0
"IntBufferBatchMountItem::mountViews",53037404405703,10238166,16838,"oelseisfree.app",1
"postAndWait",53037415096911,20712583,16838,"oelseisfree.app",1
"DrawFrames 12177845",53037431606328,33583583,16871,"RenderThread",0
"IntBufferBatchMountItem::mountViews",53037439802203,5706125,16838,"oelseisfree.app",1
"postAndWait",53037467900244,1696042,16838,"oelseisfree.app",1
"DrawFrames 12177853",53037468709119,10126625,16871,"RenderThread",0
"postAndWait",53042998580289,16108291,16838,"oelseisfree.app",1
"DrawFrames 12180268",53042998625497,27849292,16871,"RenderThread",0
"IntBufferBatchMountItem::mountViews",53043115988789,687083,16838,"oelseisfree.app",1
"IntBufferBatchMountItem::mountViews",53043264380330,29143000,16838,"oelseisfree.app",1
"postAndWait",53043311541539,4757750,16838,"oelseisfree.app",1
"DrawFrames 12180368",53043311576747,9239125,16871,"RenderThread",0
"[ExpoImage] onResourceReady",53043316436122,1114750,16838,"oelseisfree.app",1
"[ExpoImage] onResourceReady",53043317573455,1165750,16838,"oelseisfree.app",1
"IntBufferBatchMountItem::mountViews",53043330492455,969500,16838,"oelseisfree.app",1
"IntBufferBatchMountItem::mountViews",53043331472039,6779791,16838,"oelseisfree.app",1
"IntBufferBatchMountItem::mountViews",53043338270080,342167,16838,"oelseisfree.app",1
"IntBufferBatchMountItem::mountViews",53043338616664,309083,16838,"oelseisfree.app",1
"IntBufferBatchMountItem::mountViews",53043338929122,317500,16838,"oelseisfree.app",1
"IntBufferBatchMountItem::mountViews",53043341146164,43125,16838,"oelseisfree.app",1
"IntBufferBatchMountItem::mountViews",53043343287789,243875,16838,"oelseisfree.app",1
"postAndWait",53043354147372,3872708,16838,"oelseisfree.app",1
"DrawFrames 12180375",53043354226622,6519667,16871,"RenderThread",0
"IntBufferBatchMountItem::mountViews",53043395546997,5099917,16838,"oelseisfree.app",1
"postAndWait",53043401071122,1951375,16838,"oelseisfree.app",1
"DrawFrames 12180399",53043401088205,6391875,16871,"RenderThread",0
"[ExpoImage] onResourceReady",53043428462330,832459,16838,"oelseisfree.app",1
"postAndWait",53043442809414,562375,16838,"oelseisfree.app",1
"DrawFrames 12180443",53043442829039,537833,16871,"RenderThread",0
"postAndWait",53043460464414,587250,16838,"oelseisfree.app",1
"DrawFrames 12180458",53043460482414,561291,16871,"RenderThread",0
"postAndWait",53043477681414,555333,16838,"oelseisfree.app",1
"DrawFrames 12180466",53043477693539,536875,16871,"RenderThread",0
"postAndWait",53043491712664,590666,16838,"oelseisfree.app",1
"DrawFrames 12180481",53043491726914,561625,16871,"RenderThread",0
"postAndWait",53043510486955,515959,16838,"oelseisfree.app",1
"DrawFrames 12180496",53043510497455,499125,16871,"RenderThread",0
"postAndWait",53043526427997,602417,16838,"oelseisfree.app",1
"DrawFrames 12180504",53043526441997,578542,16871,"RenderThread",0
"postAndWait",53043565240247,1184750,16838,"oelseisfree.app",1
"DrawFrames 12180518",53043565263247,1152167,16871,"RenderThread",0
"postAndWait",53043567529872,358875,16838,"oelseisfree.app",1
"DrawFrames 12180527",53043567537081,345833,16871,"RenderThread",0
"postAndWait",53043578177539,1999792,16838,"oelseisfree.app",1
"DrawFrames 12180535",53043578182372,2039250,16871,"RenderThread",0
"postAndWait",53043591764956,556916,16838,"oelseisfree.app",1
"DrawFrames 12180550",53043591775414,538125,16871,"RenderThread",0
"postAndWait",53043622184664,579458,16838,"oelseisfree.app",1
"DrawFrames 12180558",53043622194497,561125,16871,"RenderThread",0
"IntBufferBatchMountItem::mountViews",53043679923456,15349291,16838,"oelseisfree.app",1
"postAndWait",53043698403289,3641208,16838,"oelseisfree.app",1
"DrawFrames 12180588",53043699369539,21719167,16871,"RenderThread",0
"IntBufferBatchMountItem::mountViews",53043717300122,2270000,16838,"oelseisfree.app",1
"postAndWait",53043721215289,2639583,16838,"oelseisfree.app",1
"DrawFrames 12180595",53043721227581,21129125,16871,"RenderThread",0
"IntBufferBatchMountItem::mountViews",53043730021747,375834,16838,"oelseisfree.app",1
"postAndWait",53043730646206,13493333,16838,"oelseisfree.app",1
"DrawFrames 12180602",53043742365956,66580000,16871,"RenderThread",0
"IntBufferBatchMountItem::mountViews",53043745481747,372167,16838,"oelseisfree.app",1
"postAndWait",53043748849831,63666791,16838,"oelseisfree.app",1
"DrawFrames 12180610",53043808959789,54098958,16871,"RenderThread",0
"IntBufferBatchMountItem::mountViews",53043816131747,1222542,16838,"oelseisfree.app",1
"postAndWait",53043817948831,46049166,16838,"oelseisfree.app",1
"DrawFrames 12180618",53043863077164,84622125,16871,"RenderThread",0
"IntBufferBatchMountItem::mountViews",53043866559164,2681833,16838,"oelseisfree.app",1
"postAndWait",53043869523122,79037167,16838,"oelseisfree.app",1
"DrawFrames 12180626",53043947805122,54538667,16871,"RenderThread",0
"IntBufferBatchMountItem::mountViews",53043949783206,939708,16838,"oelseisfree.app",1
"postAndWait",53043950882039,53378208,16838,"oelseisfree.app",1
"DrawFrames 12180634",53044002359914,57246958,16871,"RenderThread",0
"IntBufferBatchMountItem::mountViews",53044014857081,342500,16838,"oelseisfree.app",1
"postAndWait",53044015366747,45104209,16838,"oelseisfree.app",1
"DrawFrames 12180642",53044059620247,61627750,16871,"RenderThread",0
"IntBufferBatchMountItem::mountViews",53044061394831,307041,16838,"oelseisfree.app",1
"postAndWait",53044061850122,60287625,16838,"oelseisfree.app",1
"DrawFrames 12180650",53044121264664,64741542,16871,"RenderThread",0
"IntBufferBatchMountItem::mountViews",53044126616914,604292,16838,"oelseisfree.app",1
"postAndWait",53044127478622,59360334,16838,"oelseisfree.app",1
"DrawFrames 12180658",53044186018706,71435625,16871,"RenderThread",0
"IntBufferBatchMountItem::mountViews",53044201860872,487250,16838,"oelseisfree.app",1
"postAndWait",53044202613956,60341500,16838,"oelseisfree.app",1
"DrawFrames 12180666",53044257469248,65268250,16871,"RenderThread",0
"IntBufferBatchMountItem::mountViews",53044345072164,7514709,16838,"oelseisfree.app",1
"postAndWait",53044358569664,5526084,16838,"oelseisfree.app",1
"DrawFrames 12180711",53044358585706,25885792,16871,"RenderThread",0
"IntBufferBatchMountItem::mountViews",53044375768748,3137916,16838,"oelseisfree.app",1
"postAndWait",53044381856414,6217875,16838,"oelseisfree.app",1
"DrawFrames 12180719",53044384485331,59864250,16871,"RenderThread",0
"IntBufferBatchMountItem::mountViews",53044992426081,5943292,16838,"oelseisfree.app",1
"postAndWait",53044999385956,818042,16838,"oelseisfree.app",1
"DrawFrames 12180987",53044999554498,2811667,16871,"RenderThread",0
"[ExpoImage] onResourceReady",53045000284665,507416,16838,"oelseisfree.app",1
"IntBufferBatchMountItem::mountViews",53045011688581,733042,16838,"oelseisfree.app",1
"postAndWait",53045012978290,6442208,16838,"oelseisfree.app",1
"DrawFrames 12180995",53045017992373,5376333,16871,"RenderThread",0
"IntBufferBatchMountItem::mountViews",53045041484790,2314625,16838,"oelseisfree.app",1
"postAndWait",53045044852040,1382333,16838,"oelseisfree.app",1
"DrawFrames 12181010",53045045315165,2599208,16871,"RenderThread",0
"IntBufferBatchMountItem::mountViews",53045061792623,788708,16838,"oelseisfree.app",1
"postAndWait",53045062907581,6862584,16838,"oelseisfree.app",1
"DrawFrames 12181018",53045065061290,10271458,16871,"RenderThread",0
"IntBufferBatchMountItem::mountViews",53045075863456,452584,16838,"oelseisfree.app",1
"postAndWait",53045076567415,1299875,16838,"oelseisfree.app",1
"DrawFrames 12181025",53045076723040,71430416,16871,"RenderThread",0
"IntBufferBatchMountItem::mountViews",53045093255998,500583,16838,"oelseisfree.app",1
"postAndWait",53045094955998,53759000,16838,"oelseisfree.app",1
"DrawFrames 12181033",53045148167040,68360833,16871,"RenderThread",0
"IntBufferBatchMountItem::mountViews",53045152471040,8324875,16838,"oelseisfree.app",1
"postAndWait",53045162882623,55887792,16838,"oelseisfree.app",1
"DrawFrames 12181040",53045216560165,65577083,16871,"RenderThread",0
"IntBufferBatchMountItem::mountViews",53045234241206,1756542,16838,"oelseisfree.app",1
"postAndWait",53045242007581,53249500,16838,"oelseisfree.app",1
"DrawFrames 12181048",53045282153331,51911375,16871,"RenderThread",0
"IntBufferBatchMountItem::mountViews",53045298004998,554250,16838,"oelseisfree.app",1
"postAndWait",53045299313415,37048958,16838,"oelseisfree.app",1
"DrawFrames 12181056",53045334085915,91626791,16871,"RenderThread",0
"IntBufferBatchMountItem::mountViews",53045337613831,595167,16838,"oelseisfree.app",1
"postAndWait",53045338543331,88888000,16838,"oelseisfree.app",1
"DrawFrames 12181064",53045425728831,16375875,16871,"RenderThread",0
"IntBufferBatchMountItem::mountViews",53045430627748,598708,16838,"oelseisfree.app",1
"postAndWait",53045431700581,11084792,16838,"oelseisfree.app",1
"DrawFrames 12181072",53045442138415,18092000,16871,"RenderThread",0
"IntBufferBatchMountItem::mountViews",53045445064248,2034833,16838,"oelseisfree.app",1
"postAndWait",53045447397290,15902416,16838,"oelseisfree.app",1
"DrawFrames 12181080",53045460264206,17440125,16871,"RenderThread",0
"IntBufferBatchMountItem::mountViews",53045544927331,11476375,16838,"oelseisfree.app",1
"postAndWait",53045559381165,7721500,16838,"oelseisfree.app",1
"DrawFrames 12181125",53045561224165,12220333,16871,"RenderThread",0
"IntBufferBatchMountItem::mountViews",53045567867248,1107917,16838,"oelseisfree.app",1
"postAndWait",53045594144081,1045417,16838,"oelseisfree.app",1
"DrawFrames 12181132",53045594253206,23581584,16871,"RenderThread",0
"IntBufferBatchMountItem::mountViews",53045732701540,1046792,16838,"oelseisfree.app",1
"postAndWait",53045734046582,3223875,16838,"oelseisfree.app",1
"DrawFrames 12181245",53045735253332,5347125,16871,"RenderThread",0
